,강릉,강화,거제,거창,고흥,광주,구미,군산,금산,남원,남해,대관령,대구,대전,목포,문경,밀양,보령,보은,부산,부안,부여,산청,서귀포,서산,서울,성산,속초,수원,양평,여수,영덕,영주,영천,완도,울산,울진,원주,의성,이천,인제,인천,임실,장흥,전주,정읍,제주,제천,진주,천안,청주,추풍령,춘천,충주,통영,포항,합천,해남,홍천
1981,29.39,23.78,50.93,44.84,52.35,55.28,57.91,32.54,44.96,56.04,51.42,0.0,66.34,51.1,45.44,41.95,68.83,38.14,37.93,48.3,41.74,50.24,52.37,59.38,36.79,37.51,46.93,10.16,39.36,46.31,34.62,35.68,40.29,55.01,35.78,53.92,18.67,42.95,57.64,43.93,28.86,25.53,37.62,50.69,55.78,53.93,44.62,33.47,62.95,45.22,52.58,37.48,40.72,46.34,50.46,46.36,66.22,49.15,44.1
1982,34.48,37.38,54.38,59.14,64.32,68.21,60.62,44.7,58.44,69.24,64.76,0.0,68.9,64.32,57.4,46.66,71.66,50.77,52.04,52.04,54.68,63.94,67.35,66.54,50.07,51.54,54.2,15.0,53.18,60.57,45.94,40.98,45.29,57.8,47.4,56.96,23.78,57.4,62.56,57.98,33.26,38.92,50.96,63.06,68.4,67.0,55.1,38.54,65.91,58.72,66.34,40.5,55.09,60.4,53.88,49.18,69.12,60.52,59.12
1983,29.6,26.24,51.38,50.81,56.96,60.96,57.91,38.39,51.18,62.34,56.1,0.0,66.04,52.47,50.36,42.94,68.68,40.45,39.58,49.0,47.56,56.81,58.52,62.04,39.33,39.88,49.26,10.45,41.86,48.22,38.65,35.56,41.76,55.32,40.01,53.7,19.66,44.78,58.35,45.92,29.6,28.3,44.06,55.76,61.28,59.82,47.96,34.85,62.82,46.96,54.18,37.81,42.44,48.26,50.96,46.54,66.15,53.94,45.61
1984,43.1,33.99,57.52,53.68,59.61,63.53,66.38,40.07,53.52,64.42,59.7,0.0,71.4,61.36,52.92,54.1,73.03,47.51,48.79,55.54,49.82,59.0,61.52,71.82,46.99,48.08,60.05,22.38,49.62,57.12,41.43,48.82,52.45,63.6,42.4,61.82,30.73,53.8,66.94,54.79,40.78,35.51,46.26,58.08,63.86,62.5,50.64,45.4,70.45,55.72,63.07,46.58,51.72,57.36,56.78,54.04,72.26,56.0,55.46
1985,52.78,44.22,68.56,69.97,73.02,72.16,69.76,59.65,68.0,71.83,73.16,0.0,73.27,68.7,70.21,64.58,74.74,57.0,60.56,65.4,67.33,69.59,72.96,98.94,57.16,59.12,67.58,31.04,60.45,65.74,57.93,57.95,62.8,69.98,61.06,72.08,38.66,65.39,70.0,65.64,51.67,45.72,66.04,71.73,71.0,70.6,68.49,56.31,73.31,66.1,68.41,60.57,63.46,66.11,66.23,69.52,74.19,70.88,65.16
1986,35.79,32.94,56.46,54.52,60.38,64.27,65.06,40.32,54.28,65.42,60.19,0.0,70.58,60.26,53.28,49.15,72.35,46.52,47.36,53.96,50.25,59.58,62.45,66.88,45.7,46.89,54.45,15.85,48.83,55.86,41.68,42.01,47.42,61.35,42.97,59.37,24.26,52.84,64.78,53.56,35.67,34.4,47.34,58.86,64.54,63.42,50.62,40.94,69.72,54.64,62.14,44.64,50.19,56.11,55.96,51.35,71.52,56.85,54.24
1987,32.25,27.08,49.92,46.02,53.9,56.62,55.96,33.52,46.1,56.92,53.26,0.0,64.62,53.68,47.26,44.5,67.28,41.08,40.81,47.83,43.5,51.54,54.18,56.28,39.98,40.45,42.92,12.77,42.05,48.84,36.53,39.23,42.44,53.05,37.59,52.83,21.99,45.19,59.94,46.18,30.44,29.0,38.86,52.35,56.7,55.26,45.85,35.23,61.54,47.54,55.0,35.42,43.29,48.92,49.86,44.72,64.6,50.27,46.5
1988,60.58,50.12,72.98,72.22,75.17,74.38,72.37,62.78,70.32,74.06,75.17,0.0,76.08,70.99,72.34,67.6,77.42,62.8,67.21,70.72,69.6,71.89,75.16,98.94,63.08,65.5,71.26,37.94,66.78,68.02,61.28,65.34,66.46,72.84,63.61,75.0,45.56,67.3,72.04,67.84,56.82,52.06,68.4,73.96,73.27,72.91,71.56,61.0,75.84,68.38,70.74,65.78,66.46,68.42,70.54,73.09,76.81,72.97,67.48
1989,35.38,40.79,58.13,64.85,69.52,71.35,65.94,49.64,64.44,70.81,69.48,0.0,71.44,67.68,62.4,47.28,73.18,53.46,55.48,56.09,59.88,68.84,71.72,74.24,53.33,55.03,61.88,16.48,56.58,64.35,50.16,40.92,46.15,62.62,51.61,61.27,24.96,60.76,63.1,61.54,34.92,42.33,57.54,68.24,70.34,69.94,58.81,39.66,70.73,62.35,67.66,45.86,58.56,63.85,57.64,53.08,72.34,65.68,62.44
1990,56.09,45.82,68.9,72.33,75.04,74.38,72.12,62.58,70.43,74.15,75.13,0.0,75.56,69.89,72.46,67.28,77.01,58.95,62.59,66.17,69.68,71.98,75.24,94.97,59.21,60.94,61.97,33.98,62.41,66.96,61.04,60.7,65.62,72.36,63.34,74.37,41.46,66.18,72.09,66.86,54.23,47.68,68.46,73.88,73.38,73.04,95.78,58.82,75.41,67.37,69.62,60.56,65.72,67.36,66.7,69.11,76.4,72.95,66.51
1991,62.24,57.17,75.95,77.9,80.0,79.76,76.2,72.07,76.01,79.66,79.84,0.0,79.66,73.56,77.13,69.89,80.86,69.68,69.8,76.72,75.14,77.33,80.68,98.94,69.46,68.72,78.55,40.2,69.38,70.69,73.18,66.62,68.86,76.66,74.97,78.42,47.92,69.94,74.45,70.56,59.61,59.3,74.26,79.03,78.84,78.56,98.92,64.01,79.24,71.16,73.31,70.47,69.08,71.0,76.32,76.72,80.4,77.95,70.19
1992,32.78,34.34,48.6,57.54,63.39,67.47,53.37,44.1,57.94,68.48,63.6,0.0,61.02,60.82,56.96,45.28,64.53,47.71,48.37,46.61,54.02,63.52,66.12,84.0,47.14,48.15,47.17,13.64,49.83,56.78,45.54,39.74,44.2,50.07,45.95,49.28,23.37,53.45,61.13,54.34,31.98,35.84,50.54,62.23,68.07,66.45,53.39,37.68,58.98,55.24,62.67,33.42,50.97,56.64,48.85,40.91,61.24,59.73,54.62
1993,30.14,30.46,50.5,46.54,53.86,57.4,57.0,34.52,47.34,58.23,53.57,0.0,64.18,57.87,47.45,43.7,67.38,44.72,44.82,48.33,43.9,52.98,54.44,58.06,43.66,44.56,44.56,11.72,46.7,53.68,36.24,35.83,42.58,52.44,36.92,51.68,20.38,50.54,59.02,51.31,30.88,32.15,40.16,52.38,57.82,56.44,44.77,36.38,62.08,52.32,59.54,36.68,47.98,53.88,50.8,42.88,64.55,50.76,51.66
1994,72.23,53.36,76.44,76.66,79.0,78.53,76.84,70.7,74.7,78.48,78.81,0.0,80.33,73.28,76.03,72.22,81.59,66.06,69.58,77.19,73.74,76.09,79.51,98.95,66.9,68.35,75.29,49.76,69.0,70.48,69.96,74.35,71.19,77.38,73.4,78.96,56.94,69.67,76.74,70.29,66.79,55.22,72.92,77.96,77.57,77.22,98.93,68.36,79.86,70.8,73.08,71.18,68.91,70.82,76.64,77.26,81.09,76.92,69.96
1995,65.0,49.8,74.22,73.95,76.66,75.87,73.32,66.2,72.04,75.64,76.66,0.0,76.92,71.97,73.83,70.07,78.23,62.64,66.8,71.32,71.32,73.54,76.94,98.92,63.32,65.06,71.17,43.04,66.28,69.0,64.6,69.7,68.94,73.84,67.41,76.05,51.08,68.24,74.56,68.86,58.96,51.87,70.04,75.56,74.94,74.59,98.67,62.92,76.65,69.48,71.7,65.53,67.43,69.38,71.25,74.26,77.7,74.44,68.53
1996,71.26,54.66,72.78,74.08,76.52,76.02,73.89,67.63,72.19,75.91,76.53,0.0,77.24,72.24,73.76,70.84,78.45,67.08,68.46,69.54,71.39,73.56,76.9,98.47,67.82,67.21,67.15,48.54,67.91,69.38,64.37,72.82,69.66,73.95,67.74,75.76,55.54,68.58,75.39,69.26,65.78,56.46,70.25,75.38,75.06,74.7,98.66,66.88,76.92,69.72,71.96,67.34,67.91,69.71,70.4,73.87,78.02,74.51,68.9
1997,42.42,30.76,66.94,66.58,70.38,70.0,70.26,51.04,65.76,69.54,70.7,0.0,73.72,57.65,62.88,54.61,75.18,44.69,44.79,64.32,61.17,67.48,70.4,99.32,43.76,44.52,67.76,21.64,46.34,53.26,50.26,47.92,53.4,70.42,52.48,72.7,29.92,50.25,67.66,50.86,42.14,32.39,58.39,68.88,68.96,68.62,60.56,47.01,73.77,52.19,59.4,58.18,47.78,53.5,65.23,65.42,74.66,66.32,51.42
1998,57.78,38.36,64.51,68.12,71.98,71.14,69.18,51.72,66.85,70.62,72.16,0.0,72.74,66.71,64.19,65.92,74.3,51.86,54.18,62.24,61.78,68.54,71.68,96.72,51.5,53.06,63.71,35.1,54.68,62.84,51.86,62.86,64.69,69.35,53.79,70.16,43.2,59.42,70.41,60.47,54.76,39.92,59.48,70.5,70.03,69.64,61.54,58.67,72.88,60.95,66.66,54.66,57.22,62.48,63.2,62.72,73.6,67.51,61.61
1999,39.42,41.87,64.91,67.38,70.82,71.82,70.09,51.64,66.89,71.46,71.32,0.0,73.47,68.03,63.53,52.84,75.1,55.14,57.76,62.79,61.63,69.32,72.28,96.88,54.94,56.5,63.27,19.2,58.1,65.04,50.78,45.18,51.72,70.14,52.16,70.44,28.26,63.02,68.26,63.82,40.23,43.59,59.46,69.54,70.74,70.34,59.86,45.87,73.6,64.5,67.69,56.3,60.86,65.4,63.84,62.43,74.4,67.03,64.42
2000,58.04,49.76,72.28,74.66,77.14,76.73,74.18,63.34,72.94,76.54,77.06,0.0,77.69,72.0,74.44,69.12,78.94,62.52,66.78,69.84,72.12,74.22,77.48,98.93,62.9,65.03,77.33,36.14,66.2,69.03,61.38,62.98,67.28,74.52,63.64,76.44,43.92,68.29,73.57,68.89,55.78,51.41,71.05,76.1,75.8,75.51,94.58,60.33,77.3,69.49,71.76,65.29,67.52,69.43,69.88,73.88,78.41,75.14,68.59
2001,67.04,63.98,72.78,75.26,77.68,77.24,73.86,66.25,73.36,77.1,77.66,0.0,77.27,75.86,74.78,71.1,78.68,72.22,72.31,70.15,72.43,74.69,78.15,98.94,71.72,71.07,73.96,44.63,71.62,73.11,64.55,71.82,70.02,74.1,67.39,76.08,52.4,72.39,75.61,72.89,63.23,65.88,71.58,76.66,76.18,75.92,97.28,67.4,77.19,73.48,75.63,65.55,71.59,73.47,70.47,73.72,78.17,75.75,72.82
2002,71.31,57.57,75.78,75.28,77.54,77.28,76.28,66.18,73.56,77.23,77.52,0.0,79.58,73.67,74.95,72.03,80.84,70.01,70.01,73.94,72.61,74.85,78.06,98.96,69.35,68.79,74.93,48.01,69.46,70.84,63.26,73.71,71.04,76.45,66.03,78.07,54.92,70.1,76.61,70.67,67.03,59.56,71.7,76.6,76.41,76.07,95.8,68.26,79.15,71.29,73.52,70.67,69.26,71.18,74.36,76.1,80.28,75.73,70.43
2003,78.03,71.04,78.78,79.73,81.6,81.31,79.9,73.62,77.75,81.43,81.38,15.34,83.33,79.68,78.58,77.26,84.32,75.98,76.46,79.54,76.73,79.04,82.5,98.95,75.61,75.13,98.9,68.44,75.66,77.22,75.59,79.46,76.16,80.32,76.39,81.68,75.61,76.58,81.72,76.97,72.4,72.32,76.04,80.7,80.48,80.22,98.92,73.44,82.48,77.5,79.6,74.38,75.75,77.58,78.89,80.05,84.02,79.44,77.1
2004,68.56,53.3,75.23,74.34,77.01,76.48,75.02,62.88,72.62,76.31,76.88,0.0,78.47,72.89,74.28,71.44,79.8,65.22,69.17,72.06,71.72,73.98,77.24,99.26,66.06,67.95,70.15,44.99,68.61,70.1,61.58,72.85,70.31,75.3,64.14,77.09,52.29,69.26,76.0,69.92,64.99,54.96,70.74,75.94,75.54,75.21,94.46,67.48,78.17,70.44,72.64,68.79,68.54,70.41,72.6,75.1,79.21,74.98,69.59
2005,75.21,63.34,77.76,76.6,78.94,78.42,78.32,70.84,74.65,78.32,78.8,4.73,82.0,75.54,76.12,74.47,82.96,71.94,71.98,78.71,73.78,76.12,79.54,98.94,71.38,70.84,78.56,60.0,71.38,72.8,69.63,76.82,73.42,78.97,72.75,80.63,67.3,72.06,78.88,72.65,69.49,65.28,72.88,77.94,77.48,77.16,98.92,70.54,81.18,73.13,75.4,72.76,71.24,73.1,77.87,79.17,82.61,76.79,72.5
2006,73.32,63.1,77.31,76.5,78.82,78.14,77.5,70.47,74.26,77.97,78.74,0.0,81.24,75.04,75.76,72.53,82.3,71.5,71.53,77.86,73.3,75.7,79.44,96.88,70.94,70.28,78.4,55.11,70.81,72.36,72.65,75.06,71.5,78.32,73.77,80.16,62.59,71.54,77.03,72.24,67.44,65.5,72.34,77.74,77.04,76.71,98.92,68.54,80.59,72.6,74.81,71.76,70.84,72.7,77.16,78.91,81.93,76.5,72.06
2007,71.37,49.9,77.0,75.94,78.29,77.8,77.43,70.14,73.98,77.65,78.23,0.39,81.07,71.1,75.42,71.14,82.21,62.74,67.38,77.53,73.02,75.4,78.82,98.94,63.38,65.51,77.72,50.18,66.83,68.29,69.46,73.04,70.0,78.07,72.5,79.61,57.4,67.48,75.69,68.16,66.11,51.59,72.1,77.24,76.83,76.46,98.94,67.18,80.46,68.66,70.88,71.67,66.74,68.62,77.06,78.12,81.89,76.09,67.82
2008,72.88,60.29,78.21,77.6,79.6,79.21,79.29,71.44,75.56,79.25,79.5,3.38,82.82,73.47,76.62,72.62,83.77,69.9,69.82,78.78,74.5,76.9,80.38,96.19,69.25,68.57,98.91,54.61,69.29,70.78,74.24,74.38,71.44,79.88,74.43,81.18,61.31,69.99,77.08,70.54,67.64,62.33,73.76,78.54,78.28,77.96,98.93,68.67,81.97,71.06,73.32,73.66,69.28,71.1,78.32,79.91,83.56,77.44,70.44
2009,27.92,37.32,57.82,64.82,69.06,70.64,66.01,49.62,64.3,70.12,69.24,0.0,70.94,64.87,61.68,40.13,72.66,50.7,52.3,55.81,59.56,68.14,70.92,77.18,50.18,51.66,65.54,10.09,53.18,60.74,49.36,33.54,39.44,62.6,51.11,61.14,18.55,57.44,56.04,58.25,28.18,38.81,57.24,67.81,69.66,69.23,58.25,33.08,70.66,59.13,66.74,45.79,55.3,60.87,57.19,52.87,71.81,65.35,59.46
2010,63.46,51.27,74.21,73.56,76.23,75.79,74.62,62.71,71.9,75.59,76.14,0.0,78.18,72.16,74.06,69.85,79.41,64.26,68.36,71.89,71.14,73.37,76.4,98.94,64.7,66.9,78.92,40.76,68.11,69.13,60.72,68.55,68.71,75.0,63.4,76.92,49.08,68.45,74.46,69.01,59.92,53.3,69.96,75.15,74.85,74.54,94.66,64.41,77.76,69.66,71.92,67.72,67.59,69.64,71.95,74.9,78.85,74.3,68.74
2011,73.37,49.83,80.96,76.04,78.82,77.83,81.48,70.19,73.92,77.66,78.54,2.96,85.3,70.24,75.72,72.71,86.16,62.08,66.27,98.88,73.08,75.48,79.14,93.2,62.63,64.71,98.89,56.02,65.77,67.45,73.2,74.94,71.5,82.47,73.8,84.03,63.58,66.54,77.2,67.3,67.75,51.26,72.18,77.8,76.75,76.46,98.92,68.74,84.36,67.7,69.96,75.88,65.96,67.68,80.8,82.82,85.86,76.34,66.94
2012,74.08,55.08,80.1,78.03,80.38,79.78,80.87,72.09,76.04,79.76,80.19,2.16,84.6,72.68,77.35,73.42,85.47,67.48,69.03,80.61,75.05,77.43,81.07,98.35,68.45,67.76,98.89,56.14,68.46,69.81,75.05,75.61,72.26,81.78,75.24,83.11,63.52,69.04,77.96,69.69,68.44,56.84,74.31,79.47,78.81,78.59,98.92,69.48,83.7,70.26,72.42,75.46,68.23,70.22,79.88,82.0,85.34,78.16,69.38
2013,72.82,55.84,77.07,76.84,79.0,78.62,77.61,70.83,74.95,78.62,78.93,-0.3,81.09,73.36,76.24,72.56,82.25,67.76,69.65,77.82,73.85,76.3,79.68,98.94,68.62,68.64,98.89,52.0,69.25,70.62,69.88,74.58,71.5,78.18,72.96,79.75,59.78,69.82,77.1,70.44,67.54,57.24,73.09,78.01,77.69,77.36,98.94,68.67,80.46,70.99,73.17,71.8,69.01,70.88,77.12,78.22,81.83,76.92,70.2
2014,59.88,50.18,71.26,75.79,78.16,77.93,73.67,66.7,74.18,77.83,78.02,0.0,77.04,71.66,75.57,69.16,78.48,62.64,66.12,69.01,73.35,75.46,78.56,98.94,63.13,65.04,76.48,37.98,66.47,68.86,64.11,64.59,68.19,73.84,67.03,75.76,46.04,68.06,73.76,68.61,57.87,51.58,72.38,77.25,77.08,76.76,95.58,62.86,76.94,69.29,71.4,63.82,67.16,69.21,69.67,69.54,77.87,76.42,68.23
2015,76.41,64.03,80.14,79.8,81.88,81.28,80.78,73.33,77.5,81.28,81.62,11.16,84.59,76.23,78.5,75.18,85.5,72.39,72.74,98.88,76.36,78.9,82.77,95.1,71.96,71.34,98.9,67.59,71.9,73.5,75.74,77.88,74.04,81.88,76.56,83.26,74.28,72.72,79.68,73.36,70.28,66.01,75.72,80.92,80.16,79.92,98.92,71.15,83.73,73.78,76.01,75.12,72.06,73.81,79.82,82.34,85.36,79.39,73.3
2016,73.4,61.9,77.54,75.63,78.26,77.24,77.94,69.74,73.38,77.08,78.11,6.87,81.78,72.85,75.14,72.54,82.72,69.36,69.25,78.23,72.54,74.9,78.69,96.52,68.69,68.04,79.1,60.45,68.63,70.18,72.68,75.0,71.33,78.88,73.1,80.52,67.56,69.34,76.96,70.14,67.54,63.93,71.55,77.11,76.26,75.92,98.93,68.37,80.96,70.42,72.62,72.22,68.81,70.43,77.5,79.22,82.52,75.78,69.87
2017,68.4,41.76,75.6,72.79,75.52,74.8,75.81,63.7,70.95,74.52,75.51,0.0,79.47,68.18,72.82,69.36,80.58,54.98,57.96,76.61,70.25,72.48,75.68,98.92,54.98,56.79,79.32,44.35,58.16,65.27,61.9,71.6,68.22,76.34,64.55,78.17,52.42,62.9,73.9,64.1,64.06,43.54,68.94,74.38,73.92,73.5,96.68,65.4,78.88,64.3,67.78,69.97,61.06,65.56,75.94,76.37,80.17,73.44,64.6
2018,74.02,59.18,78.94,76.84,79.2,78.52,79.53,70.89,74.76,78.36,79.12,11.62,83.35,72.09,76.12,73.11,84.26,68.56,68.3,79.42,73.81,76.26,79.81,89.77,67.85,67.07,98.88,64.87,67.78,69.22,73.51,75.46,71.85,80.44,74.06,81.84,71.83,68.42,77.53,69.12,68.11,61.4,72.94,78.06,77.51,77.16,98.92,68.92,82.46,69.5,71.86,73.81,67.81,69.61,78.92,80.68,84.0,76.76,68.96
2019,73.63,56.9,77.82,75.36,77.74,77.22,78.44,69.53,73.43,77.1,77.71,3.95,81.98,72.58,75.04,73.25,83.08,68.71,68.96,78.72,72.49,74.91,78.22,98.94,68.41,67.78,80.08,57.16,68.42,69.86,68.26,75.24,72.16,78.92,71.25,80.5,64.56,69.0,77.68,69.66,68.18,58.46,71.58,76.69,76.27,75.92,98.92,69.21,81.35,70.11,72.4,72.66,68.32,70.11,78.03,78.76,82.68,75.58,69.42
2020,75.84,59.31,79.44,78.35,80.32,79.96,80.27,72.28,76.38,80.03,80.21,8.02,83.95,74.55,77.51,75.23,84.84,70.82,71.0,98.89,75.38,77.73,81.14,96.18,70.2,69.62,98.9,59.56,70.34,71.81,74.48,77.26,74.12,81.06,75.22,82.5,67.3,71.15,79.82,71.59,70.38,60.99,74.54,79.36,79.16,78.87,98.93,71.44,83.01,72.18,74.42,74.8,70.3,72.22,79.43,80.97,84.62,78.19,71.5
2021,82.68,70.04,84.02,84.47,85.8,85.72,85.76,77.96,82.38,85.92,85.52,29.32,89.39,79.24,98.82,81.2,89.93,75.36,75.84,98.9,81.12,83.46,87.12,85.7,74.91,74.31,98.26,76.07,75.04,76.56,98.92,83.91,80.09,86.62,98.88,98.76,79.9,75.91,85.71,76.4,76.39,71.36,80.63,85.0,85.0,84.72,94.87,77.2,87.91,77.07,79.17,80.44,75.04,77.03,98.88,98.79,89.82,83.57,76.42
2022,81.0,67.79,84.12,83.06,84.85,84.18,85.25,76.68,80.69,84.24,84.54,28.88,89.18,76.68,81.39,79.05,89.76,72.97,73.28,98.86,79.64,81.97,85.99,87.0,72.48,71.83,98.9,74.54,72.44,73.98,98.9,82.19,77.86,86.56,79.53,87.72,78.81,73.34,83.52,73.9,74.18,68.98,78.86,83.96,83.26,83.07,92.34,74.86,87.83,74.31,76.5,79.83,72.66,74.42,98.84,98.72,89.76,82.1,73.92
2023,77.85,60.14,82.4,80.12,82.02,81.47,83.7,73.75,77.82,81.46,81.9,19.16,87.46,73.73,78.85,76.66,88.22,70.06,70.16,98.88,76.76,79.14,82.96,89.06,69.44,68.71,98.88,71.39,69.37,70.89,76.01,79.28,75.54,84.79,76.74,85.98,75.24,70.18,81.11,70.78,71.6,62.06,75.96,80.97,80.48,80.21,98.9,72.56,86.22,71.26,73.52,78.37,69.5,71.32,81.99,85.08,88.06,79.58,70.65
2024,80.96,70.46,96.54,87.3,89.0,87.72,89.24,80.5,84.94,88.48,88.6,46.0,91.88,79.5,98.12,82.32,93.88,75.58,76.22,90.04,83.72,86.09,90.44,77.04,75.3,74.76,87.22,78.22,75.27,77.09,94.18,85.73,81.1,90.98,96.68,94.21,82.28,76.24,86.66,76.95,77.81,71.71,83.22,88.38,87.4,87.27,81.89,78.35,91.82,77.18,79.36,84.18,75.68,77.28,93.31,86.79,93.8,86.06,77.09
2025,78.56,67.46,80.44,80.32,82.32,81.66,81.0,74.0,78.01,81.62,82.1,26.9,84.86,76.44,79.05,76.9,85.76,72.62,72.97,80.54,76.85,79.38,83.32,90.37,72.23,71.56,98.88,72.09,72.14,73.96,76.23,79.79,75.76,82.16,76.98,83.48,76.23,73.11,81.36,73.85,72.17,68.67,76.16,81.32,80.64,80.3,94.33,72.9,83.92,74.04,76.29,75.28,72.64,74.19,80.13,82.54,85.6,79.68,73.84
2026,79.15,67.34,83.6,82.63,84.68,84.0,84.38,76.04,80.28,83.94,84.26,27.28,88.56,76.36,81.24,77.52,89.2,72.5,72.86,99.26,79.06,81.66,85.76,83.4,72.16,71.55,95.24,72.47,72.05,73.77,98.9,80.33,76.32,85.83,79.16,86.9,76.53,72.95,82.0,73.64,72.83,68.68,78.58,83.86,82.89,82.63,93.97,73.47,87.29,73.95,76.27,79.0,72.31,73.99,98.84,86.02,89.08,81.9,73.64
2027,81.48,66.22,85.08,82.12,84.38,83.49,85.58,75.88,79.88,83.43,83.98,35.01,89.62,74.94,80.96,79.18,90.42,71.34,71.29,98.48,78.96,81.22,85.22,81.68,70.71,70.05,93.58,75.08,70.73,72.2,98.9,82.61,77.92,87.0,79.04,88.32,79.31,71.46,83.66,72.1,74.64,67.19,78.1,83.46,82.51,82.44,95.0,75.08,88.55,72.53,74.76,80.3,70.74,72.53,98.83,97.94,90.26,81.58,72.02
2028,80.39,68.91,82.84,81.84,83.75,83.1,84.0,75.2,79.47,83.06,83.48,31.92,88.0,77.82,80.31,78.65,88.66,73.96,74.43,98.34,78.24,80.8,84.78,86.82,73.58,73.05,98.89,73.91,73.62,75.28,98.9,81.71,77.53,85.29,78.49,86.42,77.96,74.47,83.1,75.04,73.88,70.08,77.66,82.8,81.96,81.76,90.54,74.62,86.67,75.4,77.68,78.47,73.89,75.58,98.85,85.44,88.54,81.12,75.23
2029,82.69,71.37,85.53,87.36,88.84,88.42,86.58,80.62,85.02,88.65,88.29,36.42,90.42,80.52,98.78,81.16,91.29,76.46,77.33,94.94,83.8,86.22,90.36,81.27,76.11,75.7,92.96,75.97,76.32,78.07,95.54,83.87,80.06,88.06,98.33,89.16,79.89,77.32,85.62,77.86,76.44,72.57,83.31,88.12,87.52,87.27,83.73,77.24,89.3,78.31,80.52,81.41,76.57,78.39,98.58,93.84,91.18,86.1,78.0
2030,81.56,68.33,83.51,84.05,85.64,85.05,84.82,77.39,81.5,85.12,85.43,38.98,88.85,77.64,82.09,79.25,89.37,73.57,74.28,96.13,80.45,82.9,87.06,82.84,73.22,72.54,94.74,74.93,73.22,75.02,97.56,82.51,77.96,86.18,80.4,87.34,79.04,74.34,83.7,74.87,74.5,69.54,79.71,84.74,83.99,83.84,87.52,75.1,87.42,75.17,77.51,79.25,73.74,75.46,98.84,95.8,89.42,82.93,75.08
2031,90.62,76.89,96.88,90.86,92.34,95.82,90.72,83.6,88.3,91.82,96.4,57.9,91.99,85.7,96.23,86.08,95.23,81.66,82.72,90.23,87.02,89.38,93.9,76.44,81.69,81.34,86.79,82.42,81.7,83.46,91.71,89.98,84.75,92.5,93.96,94.42,86.56,82.76,90.46,83.07,81.58,78.54,86.75,91.78,98.21,90.62,79.75,81.97,93.18,83.73,85.86,85.62,81.8,83.72,93.44,87.15,95.3,89.32,83.6
2032,98.78,74.15,98.8,86.22,87.48,87.3,87.41,79.27,83.95,87.56,98.76,43.07,98.64,82.89,98.82,83.5,91.83,78.91,79.82,98.06,82.68,85.09,88.89,88.06,78.67,78.33,98.88,78.78,78.82,80.62,98.92,86.72,82.36,88.62,98.86,98.74,82.78,79.88,87.98,80.2,78.84,75.46,82.32,86.74,86.46,86.27,90.32,79.56,89.73,80.72,82.82,82.32,79.11,80.91,98.86,98.41,91.7,85.14,80.6
2033,81.1,70.04,85.38,86.22,88.0,87.5,86.12,79.46,83.92,87.5,87.4,26.54,90.28,79.0,98.79,79.62,90.88,75.1,75.74,98.85,82.76,85.16,89.42,79.92,74.7,74.2,91.48,74.61,74.81,76.42,98.88,82.29,78.52,87.62,98.84,88.64,78.73,75.74,84.14,76.2,74.89,71.22,82.34,87.4,86.46,86.31,91.03,75.77,89.0,76.68,78.94,81.08,74.9,76.83,98.84,98.74,90.81,85.3,76.31
2034,95.12,71.55,95.04,87.68,89.06,97.28,90.44,80.77,85.4,88.89,98.66,44.2,90.3,80.74,98.22,83.62,94.75,76.65,77.53,89.01,84.04,86.42,90.55,72.7,76.3,75.88,82.67,78.98,76.53,78.22,93.75,86.66,82.61,92.12,96.78,93.1,82.89,77.56,88.21,77.97,79.06,72.78,83.82,88.51,87.79,87.72,82.63,79.83,92.77,78.54,80.69,85.36,76.71,78.62,91.92,85.86,94.93,86.54,78.19
2035,87.78,75.96,98.75,89.52,90.78,95.5,87.9,82.36,86.96,90.5,96.72,55.54,88.32,84.7,96.32,84.85,92.5,80.86,81.78,92.55,85.62,87.96,92.32,79.68,80.58,80.26,91.36,81.04,80.74,82.51,92.4,88.62,83.8,89.58,94.81,98.16,85.28,81.98,89.35,82.21,80.32,77.55,85.26,90.15,88.36,89.2,80.06,80.81,90.49,82.71,84.66,82.67,81.11,82.86,96.28,90.05,92.48,87.96,82.66
2036,92.84,77.03,98.74,91.05,92.37,93.15,88.93,98.67,88.58,92.19,93.55,54.18,95.8,85.7,94.29,84.62,93.52,82.13,82.72,93.18,87.24,89.67,94.04,79.68,81.85,81.45,91.38,80.24,81.87,83.52,90.04,87.86,83.34,90.64,92.02,98.8,84.52,82.91,88.96,83.24,79.99,78.74,87.18,91.98,95.08,90.87,77.05,80.52,91.55,83.66,85.67,83.75,81.84,83.76,96.24,91.43,93.55,98.69,83.6
2037,95.6,71.51,97.06,87.48,89.28,88.84,89.08,80.56,85.08,88.66,99.2,43.98,92.58,80.45,99.15,82.44,93.52,76.53,77.18,90.38,83.88,86.28,90.58,76.8,76.31,75.87,87.78,77.82,76.33,78.06,93.85,85.45,81.27,90.64,97.12,94.95,81.75,77.3,86.9,77.87,77.84,72.87,83.47,88.66,87.54,87.54,83.44,78.46,91.49,78.28,80.49,83.86,76.46,78.28,93.46,88.42,93.52,86.38,78.06
2038,74.42,70.61,83.84,86.0,87.92,87.32,87.3,79.18,83.36,87.02,87.34,49.61,83.72,79.24,84.6,81.24,92.17,75.62,75.86,89.15,82.17,84.66,89.2,74.13,75.4,74.84,84.14,77.36,75.15,76.89,94.65,84.76,79.92,89.11,97.2,93.48,81.62,76.05,85.59,76.7,76.72,72.02,81.72,87.22,85.86,85.72,83.4,77.02,90.25,76.98,79.22,81.83,75.46,76.97,92.46,85.28,92.09,84.88,76.91
2039,78.07,67.94,82.22,80.85,83.05,82.35,82.94,74.51,78.71,82.3,82.7,24.61,86.93,77.01,79.75,76.59,87.66,73.11,73.58,98.86,77.7,80.06,83.87,90.03,72.78,72.07,98.87,71.67,72.74,74.4,76.81,79.34,75.3,84.14,77.61,85.42,75.68,73.62,80.99,74.18,71.81,69.17,77.05,82.04,81.41,81.26,99.3,72.48,85.9,74.63,76.89,77.44,72.98,74.78,82.02,84.43,87.6,80.48,74.34
2040,84.48,71.24,89.73,87.68,89.48,84.4,90.52,80.71,85.04,88.62,95.72,52.46,84.62,80.0,95.45,82.93,94.78,76.24,76.73,84.37,83.97,86.26,90.8,72.02,76.0,75.44,82.02,76.22,75.87,77.76,91.04,86.28,81.69,92.45,93.5,87.55,82.32,76.9,87.29,77.58,78.32,72.55,83.42,88.79,85.58,87.49,79.92,78.78,91.2,77.69,79.92,85.34,76.31,77.86,87.14,79.62,95.29,86.4,77.75
2041,88.16,74.3,88.52,90.45,89.3,88.99,93.04,94.3,87.87,91.29,89.38,59.12,83.59,83.14,90.53,86.28,96.2,79.18,80.03,83.19,86.52,88.98,93.58,65.96,79.07,78.93,74.92,98.82,79.13,80.98,86.17,89.91,85.0,95.05,87.8,85.92,98.78,80.2,90.65,80.76,81.84,75.64,86.25,91.5,90.66,86.8,73.23,82.3,91.8,81.07,83.22,87.88,79.5,81.17,85.98,78.76,97.58,95.34,81.1
2042,83.35,76.95,88.12,93.2,96.21,88.57,95.58,94.23,90.88,94.43,89.42,63.78,75.16,85.92,89.95,89.5,94.25,81.87,83.0,83.56,98.68,91.82,96.22,69.13,81.68,81.4,78.9,95.06,81.92,83.64,87.15,98.67,88.4,97.45,88.54,85.5,95.59,83.04,94.0,83.32,85.1,78.46,89.44,98.62,90.05,94.69,72.8,85.84,94.6,83.95,86.03,90.86,82.06,84.06,86.5,78.86,97.15,95.43,83.69
2043,80.58,77.58,85.81,94.68,90.54,83.92,95.67,89.66,92.33,94.62,84.48,67.07,75.22,86.48,86.22,89.35,93.34,82.51,83.65,81.56,95.46,92.67,97.8,66.32,82.46,94.64,75.26,91.92,82.52,84.44,83.1,97.8,87.93,97.82,85.04,75.2,93.32,83.77,93.58,84.1,84.83,79.2,90.9,93.88,84.98,89.49,68.91,85.3,92.24,84.56,86.58,90.6,82.88,84.74,84.15,66.67,96.57,90.3,84.58
2044,90.56,76.91,92.14,93.38,97.44,89.72,93.74,94.96,90.93,94.36,90.55,53.4,87.27,85.85,91.11,87.15,97.52,81.73,82.91,86.38,98.68,91.85,96.46,70.82,81.73,81.36,80.44,98.84,81.78,83.58,87.43,90.71,85.98,95.61,89.32,89.73,98.8,82.99,91.69,83.32,82.82,78.42,89.44,98.61,91.45,95.48,74.6,83.3,98.58,83.93,85.99,88.9,82.05,83.93,89.24,82.32,97.46,97.02,83.71
2045,71.96,81.1,80.02,97.94,75.16,67.24,92.74,84.1,95.07,87.12,78.74,70.5,64.53,90.12,80.82,92.38,82.38,86.15,87.3,77.31,89.08,91.84,89.42,39.61,86.02,94.58,72.9,84.0,86.21,87.82,78.71,89.43,91.03,90.74,79.34,64.5,84.77,87.46,96.73,87.54,87.9,98.78,94.14,80.68,78.54,82.76,62.48,88.3,79.8,88.31,90.28,98.5,86.02,88.34,79.6,56.32,87.52,84.38,88.12
2046,80.26,78.4,88.84,92.72,97.0,89.46,94.48,95.06,90.26,93.81,90.4,66.76,78.07,87.16,90.97,89.24,96.04,83.16,84.22,83.8,88.98,91.28,95.86,67.26,83.34,83.08,75.8,92.22,83.21,85.19,87.73,97.3,87.9,96.42,89.52,85.82,93.77,84.38,93.5,84.76,84.77,80.1,88.88,93.71,91.26,95.89,74.37,85.1,92.82,85.14,87.26,89.46,83.45,85.35,86.58,79.22,97.41,95.9,85.31
2047,81.04,80.08,88.92,94.38,91.41,83.89,94.32,89.72,91.88,95.25,85.08,66.11,78.38,88.76,86.08,88.44,96.14,85.04,85.92,83.96,95.48,92.42,97.48,67.34,84.98,94.5,76.56,93.8,84.84,86.6,83.58,98.62,87.37,96.4,84.72,86.79,94.94,86.18,93.04,86.4,84.01,81.99,90.23,94.76,84.91,89.09,69.08,84.57,93.54,86.93,88.73,89.44,85.04,87.04,87.02,79.54,97.38,90.63,86.84
2048,67.22,80.01,76.45,95.74,85.27,79.62,88.74,85.32,93.33,91.87,79.7,71.22,59.28,89.16,81.78,92.5,79.14,85.04,86.35,74.3,90.26,92.98,92.74,32.9,84.92,93.96,65.64,79.53,85.12,86.86,79.48,85.66,91.76,85.32,79.84,59.59,80.81,86.42,97.58,86.54,88.75,98.84,91.87,88.86,79.97,84.14,63.6,89.02,75.55,87.32,89.22,90.2,85.18,87.32,76.44,50.53,83.49,85.08,87.09
2049,94.0,73.98,91.62,90.56,98.52,91.62,90.58,97.22,88.13,91.57,91.89,48.24,87.25,82.72,93.02,83.04,95.06,78.9,79.71,86.26,86.72,89.11,93.46,70.39,78.57,78.32,80.69,78.63,78.85,80.6,88.48,86.37,82.0,92.52,90.89,88.86,82.62,79.86,87.6,80.26,78.57,75.44,86.58,91.44,93.38,90.09,75.95,79.32,93.06,80.66,82.8,85.28,79.04,80.84,89.07,82.56,95.14,98.38,80.63
2050,78.26,77.43,82.91,95.8,85.86,79.97,95.52,85.82,93.28,90.62,80.52,65.13,69.12,84.88,82.34,89.35,88.06,82.3,83.57,79.29,91.08,88.99,94.14,38.38,82.24,90.98,71.08,90.06,82.52,84.22,79.68,95.44,88.06,94.48,80.4,70.16,91.1,83.62,93.68,83.92,84.98,77.8,91.8,89.45,80.51,84.74,64.67,85.35,85.32,84.49,86.04,91.86,82.71,84.6,81.68,60.42,92.88,85.87,84.46
2051,86.76,75.46,91.97,91.66,92.92,90.5,91.38,95.51,89.26,92.66,90.96,55.8,86.68,84.22,91.61,85.11,95.92,80.45,81.16,86.22,88.01,90.25,94.79,71.46,80.31,77.78,81.42,80.25,80.3,82.08,87.66,88.88,83.83,93.38,89.3,89.34,85.38,81.49,89.54,81.97,80.7,77.17,87.6,92.68,92.35,89.62,74.6,81.11,93.85,82.2,84.31,86.26,80.61,82.35,88.9,81.67,95.96,97.75,82.29
2052,77.75,80.03,79.68,97.72,78.31,69.77,94.15,85.76,95.18,90.9,80.38,69.1,64.55,89.04,82.34,91.21,83.42,85.08,86.27,76.5,90.85,93.88,92.29,32.86,85.03,94.22,65.36,89.06,85.04,86.8,79.58,94.34,89.62,90.92,80.55,65.66,89.77,86.38,95.33,86.48,86.68,98.82,93.75,84.17,80.66,84.54,65.03,86.86,81.22,87.26,89.15,92.58,85.22,87.25,78.71,55.6,88.68,86.22,87.06
2053,72.13,79.56,79.52,95.1,87.85,81.76,93.98,87.65,92.54,92.6,81.64,68.52,63.81,88.4,83.98,90.6,83.3,84.6,85.54,76.14,92.64,90.38,95.94,36.74,84.44,92.47,69.24,84.07,84.46,86.15,80.9,88.59,89.3,90.28,81.26,64.96,83.9,85.74,95.02,85.87,86.2,98.84,91.06,91.44,82.48,86.66,65.33,86.46,80.86,86.5,88.48,92.04,84.62,86.65,78.58,54.07,88.74,87.78,86.54
2054,66.01,79.72,74.0,97.28,73.41,75.04,86.8,81.16,90.76,85.46,75.18,70.41,58.22,92.68,77.76,89.42,76.6,94.26,85.54,71.79,85.6,88.14,87.44,33.77,84.42,86.16,64.42,77.65,79.71,86.3,75.93,82.72,90.9,83.62,75.76,58.36,78.21,85.73,96.53,85.94,88.02,93.05,93.38,79.2,75.16,79.28,59.1,88.23,73.85,86.5,83.6,87.5,84.78,86.58,74.0,48.97,81.62,80.82,86.58
2055,47.94,83.96,57.83,96.45,68.08,59.73,80.96,79.34,90.29,79.56,59.58,75.4,52.61,92.68,76.13,94.92,70.28,94.46,90.08,51.98,83.94,80.98,81.88,26.7,89.22,85.66,37.53,76.1,93.77,90.8,74.21,70.81,98.62,77.68,74.1,53.57,63.57,90.24,97.5,90.32,92.28,92.95,98.5,73.52,60.6,66.63,32.82,92.34,68.36,91.2,93.84,87.28,88.98,91.12,56.12,43.08,76.31,67.41,91.06
2056,73.32,79.64,79.18,95.53,84.05,78.49,90.87,84.44,92.38,89.3,78.54,67.41,66.32,82.06,81.37,89.57,85.13,79.91,85.4,76.13,89.41,87.16,93.12,61.9,84.56,85.32,69.68,85.34,78.98,86.47,77.98,90.15,88.2,90.08,78.66,67.68,85.22,85.67,93.78,85.96,85.34,92.12,91.48,87.83,79.09,83.12,63.36,85.57,82.99,86.42,83.23,89.71,84.72,86.62,78.32,57.62,89.63,84.26,86.6
2057,47.5,85.32,59.08,96.87,68.24,61.25,82.9,80.6,93.78,80.46,60.78,74.48,54.19,88.36,77.4,93.73,72.18,90.02,91.51,53.31,85.35,82.16,82.95,29.48,97.8,81.96,40.8,75.81,89.66,92.52,75.03,69.79,97.34,79.36,75.1,55.15,75.24,91.08,96.06,92.0,91.4,89.26,98.53,74.13,62.22,68.28,34.34,91.68,69.84,93.18,89.62,92.33,90.38,92.7,74.06,45.16,77.68,80.3,92.64
2058,30.86,83.21,50.72,83.42,56.58,49.02,72.22,70.7,78.27,66.58,48.96,76.78,43.24,78.0,52.64,83.56,61.72,79.42,91.94,46.61,63.54,68.62,69.9,21.91,87.3,71.26,32.11,63.21,79.0,88.6,67.23,54.8,85.88,67.86,65.53,46.44,46.6,87.06,82.19,85.18,87.25,79.86,85.62,61.82,48.53,54.24,23.74,84.67,59.6,88.41,79.26,82.74,85.27,89.88,50.5,33.96,67.27,56.06,93.85
2059,48.46,82.3,58.76,97.22,69.6,61.9,81.92,79.68,93.57,81.82,60.58,72.46,53.02,91.8,76.22,94.13,71.75,93.29,88.25,69.68,84.26,87.2,83.79,29.08,87.44,84.3,40.6,74.93,92.78,89.06,74.12,70.8,91.87,78.6,73.94,54.05,74.82,88.47,96.48,88.61,89.78,91.48,94.96,75.59,63.06,68.9,33.66,89.84,69.49,89.36,92.96,90.32,87.37,89.22,71.97,43.28,77.6,79.76,89.36
2060,36.58,85.04,47.75,84.0,55.51,48.92,70.7,72.18,78.18,66.47,48.68,76.57,42.18,83.08,53.03,86.98,59.73,84.9,91.03,44.17,64.08,69.13,70.13,20.03,91.96,77.26,31.3,67.66,84.76,91.68,67.69,59.1,89.89,65.95,66.95,43.98,51.5,92.22,85.92,88.46,95.76,84.89,84.79,61.0,48.92,54.69,22.22,88.94,57.4,93.2,84.18,76.93,88.48,88.78,47.8,33.18,65.26,55.93,91.93
2061,67.3,81.12,60.08,97.37,71.36,62.62,83.62,79.69,90.76,83.13,73.9,70.97,54.35,90.44,76.32,92.03,73.03,92.11,86.92,70.14,84.17,87.01,84.82,27.8,86.0,83.35,39.28,79.66,78.72,87.74,74.47,84.18,91.51,80.24,74.3,56.39,78.84,87.13,97.22,87.36,88.58,90.46,94.26,77.12,73.64,77.56,57.48,88.83,71.33,87.96,91.62,90.84,85.94,88.0,72.56,44.8,78.65,79.8,87.94
2062,44.74,84.66,51.41,86.02,58.38,51.52,74.47,73.96,80.51,68.89,51.17,75.26,45.88,87.1,54.78,92.41,63.64,89.26,91.13,47.26,66.32,71.13,72.26,21.52,96.28,81.28,31.68,74.75,88.72,91.58,69.86,67.82,95.98,70.1,68.92,46.66,74.61,89.52,92.86,91.28,92.25,88.65,87.07,63.62,50.93,57.08,24.06,92.5,60.65,97.63,88.48,80.73,89.84,92.11,51.11,37.2,68.54,58.22,91.96
2063,43.07,82.34,52.59,84.76,57.56,51.14,75.22,71.26,83.22,67.87,49.79,73.07,47.08,82.72,68.36,89.58,65.03,84.4,88.3,48.56,74.62,70.53,71.06,22.3,91.54,76.78,32.48,71.41,84.22,88.56,67.66,66.94,92.62,71.64,66.37,47.96,71.22,81.6,91.4,85.38,90.54,84.84,88.44,63.27,50.62,56.4,24.57,89.2,62.31,83.29,83.62,85.24,85.56,85.44,68.46,37.96,70.51,57.7,89.22
2064,40.56,82.66,49.7,88.5,60.72,53.88,72.46,74.4,83.24,71.34,53.47,73.72,43.83,86.27,71.36,87.56,62.28,88.03,88.8,45.7,77.87,73.95,74.74,19.9,83.7,79.47,28.05,68.72,87.44,89.51,70.36,63.4,90.41,68.19,69.6,43.76,68.41,85.92,89.3,89.0,88.84,87.12,91.97,66.1,53.47,59.64,26.43,87.38,59.19,87.87,87.48,82.27,87.78,89.61,49.56,34.7,67.73,60.66,89.78
2065,31.33,81.24,39.06,87.0,57.89,51.68,61.44,72.3,80.36,69.62,50.94,75.39,33.47,86.88,69.66,82.25,50.44,88.56,87.04,36.22,76.16,72.04,73.1,17.01,95.5,79.9,21.04,63.15,88.12,87.95,67.3,53.68,84.74,56.38,66.88,33.76,45.7,84.72,80.44,87.56,90.89,87.42,90.46,63.8,51.54,57.84,24.13,89.02,47.57,87.21,88.24,67.71,86.12,88.09,39.82,28.18,56.37,58.6,88.04
2066,31.4,86.51,44.64,80.33,52.08,46.64,67.48,69.4,74.68,62.91,45.32,78.13,38.84,82.95,50.52,74.8,56.9,85.1,92.75,41.52,61.3,65.98,66.9,19.9,91.85,77.0,29.92,61.98,84.38,94.11,65.07,52.38,84.04,62.46,63.88,39.34,45.52,86.96,79.54,90.76,89.58,84.46,81.41,57.58,46.15,52.18,22.57,87.7,53.88,93.22,84.44,73.81,90.78,90.88,44.94,29.5,62.19,52.84,93.98
2067,32.42,85.7,42.2,81.94,54.08,48.32,65.09,70.9,76.1,64.04,47.37,77.08,36.86,81.77,52.05,82.82,53.74,83.12,91.97,40.58,62.83,67.62,68.95,17.37,90.67,76.56,26.56,64.52,83.41,91.5,67.4,56.44,85.8,59.97,66.66,37.03,48.53,84.47,82.05,88.02,91.28,84.07,82.18,59.28,47.64,53.58,22.71,85.65,50.6,91.47,82.58,70.87,88.47,88.3,43.88,28.5,58.46,54.34,93.0
2068,29.22,81.02,39.56,77.72,50.01,43.94,61.55,67.53,72.57,60.56,42.85,78.04,34.24,77.98,48.17,73.98,50.64,79.5,90.62,37.14,58.68,63.44,64.29,16.92,86.88,71.84,22.5,61.72,79.29,87.58,63.81,51.93,83.12,57.16,44.33,34.24,44.48,87.42,78.6,83.84,89.42,80.12,78.88,55.35,43.48,49.26,22.08,88.08,48.19,88.02,79.28,68.48,84.56,90.1,40.56,27.82,56.98,50.34,92.24
2069,48.96,82.92,54.82,92.06,63.13,56.19,78.67,76.39,85.4,74.91,55.46,73.54,49.42,89.77,73.59,94.13,67.81,91.6,89.22,49.17,80.83,76.96,77.9,21.3,98.54,83.12,31.99,76.28,91.08,89.88,71.14,70.71,97.75,74.41,71.2,50.45,75.42,89.36,96.76,89.42,90.76,90.1,95.19,68.85,56.77,62.76,29.18,91.09,65.8,90.33,90.95,87.22,87.94,90.18,69.24,40.1,73.47,63.37,90.04
2070,27.66,88.78,35.94,66.72,41.66,34.99,57.03,45.0,63.56,50.02,34.06,81.28,29.2,60.28,39.14,70.2,46.2,72.44,90.73,34.96,47.88,52.7,54.01,16.42,80.05,64.37,19.78,39.83,72.39,87.36,38.97,45.12,73.81,52.28,36.3,30.6,36.34,80.45,73.33,84.42,86.52,73.99,68.68,46.86,32.36,37.82,19.0,84.45,43.64,81.18,62.64,64.5,85.4,83.1,38.25,26.77,52.05,41.51,91.54
2071,28.32,88.74,33.48,72.94,44.78,39.8,55.74,64.62,67.06,55.0,38.6,79.28,29.62,72.41,44.2,67.98,44.72,74.2,86.98,32.4,54.06,58.72,60.01,16.4,81.35,67.14,19.11,57.86,74.0,88.38,60.96,46.16,79.59,50.06,39.78,27.34,38.61,81.51,71.67,85.48,85.26,75.59,73.58,50.24,38.86,44.82,20.86,82.96,41.27,82.1,73.76,62.11,81.45,84.45,35.4,25.82,50.31,45.58,90.19
2072,25.74,89.08,29.86,66.12,39.8,33.4,51.56,43.54,62.04,48.76,33.03,81.59,28.5,72.11,37.73,63.81,40.26,73.56,92.01,29.52,47.36,51.88,53.01,15.99,80.97,66.31,19.51,34.76,73.78,87.9,58.53,39.88,67.41,46.16,35.2,27.32,30.9,81.54,66.51,85.04,82.06,75.1,67.06,45.0,31.54,37.28,18.71,80.5,37.36,81.86,73.04,58.66,86.5,84.32,32.64,24.78,45.34,39.87,89.97
2073,25.78,87.02,36.1,64.0,36.97,32.36,58.12,42.88,59.16,46.0,30.98,81.5,30.12,58.03,37.41,65.98,47.39,72.76,90.28,34.36,45.88,50.33,51.76,16.75,79.43,65.3,20.2,37.37,72.34,82.15,35.22,42.34,70.0,52.94,33.38,30.2,34.98,73.06,68.6,84.26,85.53,74.04,64.7,42.31,30.28,35.86,17.44,82.97,44.24,72.04,60.88,65.06,86.18,76.23,37.6,25.86,53.18,37.93,91.09
2074,25.56,89.22,24.51,64.66,37.62,31.7,45.68,41.82,59.48,46.88,31.14,82.25,26.02,72.49,36.09,61.22,34.65,73.87,92.34,24.47,45.22,50.28,51.94,12.36,81.6,66.74,15.28,31.91,73.88,88.42,34.27,37.16,65.5,40.03,33.3,24.69,29.21,81.61,64.46,85.28,80.42,75.08,65.08,42.81,29.72,35.11,17.88,78.3,31.7,82.28,73.78,53.22,87.15,84.48,27.28,22.32,40.28,37.71,90.52
2075,21.88,78.97,25.14,50.43,26.78,25.28,44.3,29.96,47.13,33.14,25.12,98.04,25.68,47.9,25.82,52.46,33.23,62.94,76.47,23.49,32.11,36.9,38.27,13.08,60.48,56.34,16.16,26.74,63.42,71.74,24.22,27.58,56.39,38.1,24.9,24.45,25.42,62.58,54.28,67.6,64.24,66.0,51.44,30.06,24.88,26.52,14.66,62.9,29.82,60.9,50.25,51.89,76.68,65.98,26.4,22.08,38.32,25.5,80.12
2076,23.48,81.28,26.2,55.81,28.56,26.76,45.21,35.1,50.54,37.3,26.38,84.98,26.74,50.62,30.34,53.96,34.08,51.82,79.1,23.72,38.1,42.24,43.96,14.17,63.37,59.28,17.24,28.19,54.06,74.37,28.28,29.8,58.29,38.4,27.18,25.2,27.16,65.56,56.36,70.39,65.71,68.5,55.39,33.86,26.66,27.48,16.45,64.56,30.4,63.94,53.06,51.74,73.69,69.04,26.37,22.94,39.38,30.21,82.38
2077,24.16,82.45,24.6,52.08,27.1,26.06,43.08,31.99,47.66,34.48,25.5,82.38,25.39,52.14,26.78,59.96,31.64,66.76,84.74,23.14,34.7,38.94,40.5,13.26,74.32,60.6,16.26,31.27,67.32,76.28,25.32,36.98,63.81,36.86,25.09,23.96,28.59,66.8,63.08,78.2,72.09,69.6,52.8,31.08,26.08,27.68,15.4,71.12,28.71,65.63,54.49,49.71,80.92,70.43,24.12,21.7,37.48,27.14,84.94
2078,21.26,73.68,22.76,40.02,23.3,22.64,36.64,26.34,37.01,27.56,22.12,98.02,23.43,39.43,23.54,51.4,27.9,40.36,67.28,21.66,26.5,28.8,28.46,10.28,51.68,33.0,12.84,26.22,43.02,63.64,22.14,27.3,54.38,30.58,22.46,21.79,25.03,54.3,53.53,59.03,62.48,61.64,40.89,25.07,22.01,23.15,12.31,62.1,27.1,51.9,41.58,44.94,63.84,57.43,22.54,19.64,31.46,23.38,71.74
2079,23.76,77.41,25.55,50.84,27.24,25.95,40.35,30.15,46.38,33.02,25.74,84.18,25.79,47.27,26.53,54.18,28.98,62.88,80.52,23.28,32.54,37.44,38.9,11.53,69.88,55.37,14.54,28.54,62.78,71.64,24.9,29.3,57.7,34.08,25.16,24.48,27.2,70.31,56.64,74.24,67.1,65.08,51.31,29.6,25.6,27.54,15.11,64.64,29.88,60.99,50.21,47.43,76.54,65.87,25.0,22.2,34.92,26.93,80.21
2080,20.96,78.14,22.98,49.14,25.96,25.02,39.14,29.47,45.57,31.72,24.68,95.17,23.77,45.95,25.9,48.15,27.88,47.26,73.96,21.81,31.66,35.86,37.3,11.2,58.6,38.14,13.78,25.8,48.98,69.67,23.6,27.05,51.65,33.04,24.31,22.25,24.68,60.52,49.6,65.44,60.08,64.97,50.41,28.92,24.62,26.18,14.4,58.44,27.32,59.4,48.58,47.08,68.84,63.82,22.78,20.04,33.51,25.9,78.1
2081,18.56,74.68,20.54,45.29,24.25,23.43,32.56,27.46,42.1,27.8,23.25,91.56,21.04,40.96,24.54,42.53,25.14,42.4,68.93,19.61,28.32,32.32,33.32,9.01,53.28,33.26,11.69,23.67,44.18,65.18,22.94,24.14,45.43,26.63,23.04,19.92,22.12,55.76,43.28,61.04,54.36,62.22,46.18,24.94,22.98,24.6,13.1,52.4,24.73,54.38,43.77,41.2,64.28,59.14,20.7,17.55,27.06,24.38,73.08
2082,17.73,75.0,21.96,43.9,22.76,21.54,34.4,25.56,40.46,26.18,21.59,89.46,22.54,38.36,22.42,39.97,26.98,39.02,66.89,20.7,25.91,30.24,32.19,10.54,51.22,31.84,13.28,22.69,41.55,62.44,21.66,23.3,43.53,29.82,22.08,21.17,21.2,53.04,41.1,58.02,51.2,44.82,44.02,23.0,20.78,22.06,11.68,49.9,26.28,51.04,40.35,42.08,62.87,56.55,21.88,18.96,28.26,22.36,70.88
2083,19.5,77.41,21.13,46.89,23.96,23.24,34.42,27.9,43.06,28.98,22.96,97.19,21.78,43.73,24.48,48.34,25.98,45.31,71.66,20.19,30.06,33.93,34.99,10.86,56.19,36.88,13.61,24.52,47.22,67.64,22.79,25.2,51.94,28.06,22.9,20.34,23.38,58.23,49.54,63.36,60.44,49.66,47.2,25.9,22.82,24.36,13.04,58.62,25.34,56.94,46.14,42.46,67.54,61.77,21.2,18.11,29.01,24.18,75.97
2084,16.08,70.64,17.62,32.28,20.3,19.6,26.26,23.76,29.22,24.6,19.41,87.9,18.48,33.76,20.92,36.62,22.55,34.78,61.5,17.29,23.9,26.02,25.82,7.56,46.2,28.87,10.02,21.12,37.03,57.71,19.76,21.7,39.83,25.42,19.86,16.96,19.68,48.13,37.17,53.16,47.91,40.68,32.48,21.89,18.97,20.34,9.69,46.41,21.73,46.05,36.0,29.81,57.87,51.47,18.01,14.82,24.32,20.37,65.82
2085,21.31,73.89,24.34,45.91,24.36,23.44,39.92,26.3,41.8,27.91,23.28,97.35,24.84,39.84,24.44,50.4,28.72,40.8,67.41,22.58,28.24,32.57,34.2,12.42,52.38,33.29,15.08,26.16,43.04,63.51,22.94,27.22,54.1,34.01,23.14,23.44,24.96,53.91,52.14,58.68,62.2,61.6,46.26,24.95,22.88,24.47,13.12,60.6,28.6,52.3,42.06,47.39,63.8,57.36,23.92,21.11,34.79,24.24,71.95
2086,20.26,74.89,22.56,46.4,23.1,22.02,42.82,26.35,42.14,28.52,22.22,98.91,23.27,40.06,22.92,50.94,31.28,41.23,68.37,21.5,28.25,32.59,34.36,10.85,52.58,32.89,13.69,25.21,43.34,64.21,21.92,25.48,54.5,36.8,22.28,21.94,23.67,54.72,52.52,59.92,63.14,45.99,46.26,25.14,21.14,22.59,12.1,61.15,28.41,53.08,42.8,50.38,63.97,58.34,24.04,19.78,37.52,22.85,72.43
2087,20.28,73.06,21.48,35.92,21.66,20.99,31.92,25.0,32.68,26.04,20.64,92.81,22.04,37.44,22.15,44.96,26.59,38.54,65.5,20.29,25.35,27.45,27.16,9.24,50.12,31.56,11.99,24.99,40.99,61.22,20.83,26.1,49.14,29.26,20.98,20.59,23.8,52.27,46.81,56.63,56.7,60.91,36.24,23.33,20.46,21.9,10.76,55.18,25.7,49.6,39.69,39.4,61.66,55.57,21.33,18.34,28.24,21.74,69.69
2088,18.84,68.44,21.08,36.65,22.16,21.54,28.34,25.44,32.83,26.58,21.28,88.4,21.82,31.92,22.66,39.65,26.44,32.99,60.16,19.91,25.75,28.08,27.9,8.98,44.96,29.96,11.66,23.64,35.87,55.84,21.14,24.74,43.86,28.9,21.34,20.3,22.42,46.97,41.0,50.9,50.92,39.88,36.62,23.91,21.04,22.52,11.38,49.63,25.4,43.98,34.12,35.86,56.22,50.4,20.84,18.04,27.94,22.31,63.58
2089,16.71,68.23,17.42,34.41,20.08,19.33,26.15,23.49,31.24,24.3,19.29,89.26,18.22,30.63,20.55,38.26,22.04,31.96,58.54,17.0,23.4,25.66,25.5,6.8,43.12,28.4,8.99,21.76,34.28,54.91,19.6,22.44,41.17,24.99,19.84,16.65,20.26,45.18,39.3,50.24,49.41,38.01,34.55,21.6,18.37,19.64,9.52,48.2,21.4,42.98,33.08,31.04,55.38,48.7,17.9,14.72,23.96,20.08,63.07
2090,19.2,73.83,20.44,42.72,22.27,21.55,32.42,25.65,38.94,26.68,21.46,95.32,21.02,38.78,22.7,46.46,25.36,40.11,66.49,19.54,25.59,29.74,31.2,10.12,51.29,32.62,13.06,24.18,42.31,62.81,21.4,24.78,49.98,28.32,21.61,19.68,22.7,53.38,47.67,58.31,58.26,61.86,42.61,23.85,20.82,22.34,11.5,56.48,24.69,51.48,41.38,40.62,63.14,56.8,20.51,17.42,26.96,22.36,71.28
2091,15.46,48.0,16.93,26.97,17.45,16.78,25.62,20.98,26.5,21.62,16.52,83.85,17.73,27.09,17.93,31.36,21.56,26.96,50.72,16.34,20.82,22.84,22.77,5.74,35.28,25.88,8.04,20.42,28.72,46.74,17.2,21.0,34.77,24.45,17.29,16.09,19.07,37.06,32.3,41.58,43.14,31.19,25.84,18.92,15.74,16.86,6.74,41.16,21.03,34.24,28.17,28.86,47.8,40.48,17.32,14.08,23.54,17.49,55.0
2092,16.26,63.86,17.71,28.43,19.07,18.44,26.54,22.37,28.34,23.35,18.17,85.96,18.54,28.76,19.43,34.8,22.66,28.49,52.87,17.12,22.29,24.69,24.77,6.76,37.64,27.4,9.12,21.2,30.38,49.33,18.49,21.94,38.39,25.54,18.78,16.95,19.73,40.02,35.65,44.4,45.77,33.84,28.56,20.68,17.46,18.68,8.3,44.63,21.9,36.5,29.96,30.95,50.38,43.07,17.9,14.94,24.54,19.06,57.62
2093,17.1,67.92,19.13,34.09,20.58,19.77,27.02,23.88,30.77,24.82,19.7,90.12,19.76,30.56,20.84,39.12,23.74,31.48,58.62,18.13,23.9,26.35,25.92,7.66,42.52,27.92,10.07,22.12,33.89,54.77,19.68,22.71,41.76,26.72,19.85,18.24,20.68,45.04,40.68,50.33,50.7,37.06,34.24,22.08,18.84,20.33,9.56,49.45,23.18,42.88,32.83,35.47,55.08,48.55,19.29,16.24,25.68,20.52,62.92
2094,12.32,47.26,14.87,25.18,16.64,15.68,23.46,19.93,25.96,20.84,15.93,80.69,15.58,25.51,16.8,25.54,19.41,25.16,50.1,14.76,19.43,21.86,22.05,5.61,34.36,24.34,7.88,17.4,26.96,45.84,16.51,17.56,28.77,22.54,16.98,14.23,15.85,36.26,26.15,41.28,36.62,30.14,25.1,17.98,14.35,15.38,6.28,35.41,18.72,33.39,26.64,27.3,46.84,39.81,15.52,12.27,21.26,16.36,54.21
2095,13.01,41.48,14.16,25.65,15.79,15.1,22.68,19.16,25.16,20.02,15.09,76.36,14.76,25.89,16.14,27.02,18.76,25.57,43.83,13.64,18.91,21.34,21.26,3.31,29.68,24.41,5.64,18.08,27.45,39.81,15.47,18.4,28.33,21.72,15.88,13.37,16.33,30.16,27.16,34.34,33.27,28.22,24.02,17.3,13.84,15.06,5.19,31.48,18.02,29.26,27.05,26.25,40.67,33.7,14.58,11.27,20.56,15.81,47.46
2096,13.9,42.32,15.7,27.41,17.42,16.55,24.64,20.54,26.88,21.76,16.5,76.86,16.54,27.16,17.48,28.18,20.63,26.71,44.92,14.98,20.46,22.98,23.0,3.96,30.8,25.65,6.4,18.8,28.68,41.32,16.75,19.48,29.56,23.5,17.1,14.97,17.25,31.78,28.68,36.49,34.3,29.05,25.95,18.96,15.58,16.9,6.56,33.29,19.79,30.65,28.4,27.94,41.71,35.02,16.0,12.98,22.32,17.31,49.18
2097,11.8,39.3,13.48,25.03,15.22,14.51,22.04,18.69,24.54,19.44,14.52,77.16,14.05,24.28,15.61,25.81,17.95,23.92,42.2,13.12,18.32,20.69,20.7,3.4,28.11,23.3,5.67,16.9,25.85,38.54,15.04,16.97,27.18,21.04,15.51,12.6,15.16,29.67,25.91,33.39,32.9,26.96,23.3,16.65,13.14,14.25,4.82,31.16,17.4,27.6,25.42,25.66,40.18,32.21,14.02,10.62,19.96,15.24,46.8
2098,14.52,62.0,17.26,29.57,19.95,19.14,26.09,23.23,29.0,24.23,19.07,84.98,18.02,28.46,20.16,32.01,21.98,28.1,51.31,16.67,23.3,25.52,25.16,6.7,35.71,26.92,9.14,19.67,30.06,47.63,19.23,19.82,34.97,24.95,19.27,16.52,17.94,37.86,32.29,42.57,43.58,30.84,30.14,21.48,18.23,19.68,8.93,41.74,21.36,35.29,29.73,30.26,48.06,41.23,17.64,14.56,23.88,19.93,55.68
2099,14.82,42.86,17.94,27.7,18.14,17.28,26.46,21.44,27.29,22.32,17.24,80.54,18.38,26.54,18.4,27.56,22.44,26.22,45.56,16.97,21.38,23.76,23.3,5.66,29.62,24.94,8.12,19.92,28.01,41.71,17.41,20.16,30.3,25.34,17.55,16.98,18.12,31.88,28.22,37.11,39.53,28.52,26.56,19.68,16.27,17.73,7.07,37.35,21.85,29.6,27.79,29.62,41.46,35.37,18.2,14.72,24.36,18.14,49.63
2100,10.36,36.32,12.34,24.38,14.46,13.69,21.04,17.74,23.69,18.6,13.76,72.15,13.1,24.15,14.64,24.55,17.01,23.66,38.96,12.07,17.27,19.84,20.04,1.47,27.84,22.83,3.74,15.35,25.72,34.56,14.18,15.88,25.9,19.95,14.63,11.59,13.65,29.92,24.6,31.04,27.58,26.58,22.52,15.86,12.28,13.41,3.87,28.75,16.22,27.42,25.32,24.66,35.75,30.6,12.86,9.64,18.8,14.25,42.1
