"","X","Year","Mon","Day","tmax","tmin","cal_tmax","cal_tmin"
"1",6999,1980,3,1,10,0.5,8,17.5
"2",7000,1980,3,2,11.4,-1.6,6.6,19.6
"3",7001,1980,3,3,14.3,0.6,3.7,17.4
"4",7002,1980,3,4,7.9,3.3,10.1,14.7
"5",7003,1980,3,5,8.9,2.2,9.1,15.8
"6",7004,1980,3,6,13.1,-1.3,4.9,19.3
"7",7005,1980,3,7,12.9,5.7,5.1,12.3
"8",7006,1980,3,8,13,1.3,5,16.7
"9",7007,1980,3,9,10.4,6.2,7.6,11.8
"10",7008,1980,3,10,13.8,3.9,4.2,14.1
"11",7009,1980,3,11,7.8,0.8,10.2,17.2
"12",7010,1980,3,12,8.6,0.2,9.4,17.8
"13",7011,1980,3,13,13.6,0.5,4.4,17.5
"14",7012,1980,3,14,11.2,3.2,6.8,14.8
"15",7013,1980,3,15,11.5,0.5,6.5,17.5
"16",7014,1980,3,16,13.4,0.7,4.6,17.3
"17",7015,1980,3,17,15.1,2.5,2.9,15.5
"18",7016,1980,3,18,8.4,4.2,9.6,13.8
"19",7017,1980,3,19,13.9,2.3,4.1,15.7
"20",7018,1980,3,20,17.6,2.5,0.399999999999999,15.5
"21",7019,1980,3,21,9.9,5.8,8.1,12.2
"22",7020,1980,3,22,7.9,2.1,10.1,15.9
"23",7021,1980,3,23,7.5,0.9,10.5,17.1
"24",7022,1980,3,24,10.5,-0.6,7.5,18.6
"25",7023,1980,3,25,12.6,0.1,5.4,17.9
"26",7024,1980,3,26,14.6,1.7,3.4,16.3
"27",7025,1980,3,27,14.6,1.2,3.4,16.8
"28",7026,1980,3,28,17.5,1.1,0.5,16.9
"29",7027,1980,3,29,10.1,6.9,7.9,11.1
"30",7028,1980,3,30,19.8,5.1,0,12.9
"31",7029,1980,3,31,14.8,8.2,3.2,9.8
"32",7364,1981,3,1,5.1,-1.6,12.9,19.6
"33",7365,1981,3,2,10.2,-1.1,7.8,19.1
"34",7366,1981,3,3,10.1,-0.5,7.9,18.5
"35",7367,1981,3,4,14.3,1.1,3.7,16.9
"36",7368,1981,3,5,12.5,0.7,5.5,17.3
"37",7369,1981,3,6,8.6,-2,9.4,20
"38",7370,1981,3,7,15.3,-3.5,2.7,21.5
"39",7371,1981,3,8,11.4,-0.6,6.6,18.6
"40",7372,1981,3,9,10.4,0,7.6,18
"41",7373,1981,3,10,11.7,-0.7,6.3,18.7
"42",7374,1981,3,11,13,-2.6,5,20.6
"43",7375,1981,3,12,16.2,-0.4,1.8,18.4
"44",7376,1981,3,13,13.2,9.6,4.8,8.4
"45",7377,1981,3,14,17.6,8,0.399999999999999,10
"46",7378,1981,3,15,13.7,2.9,4.3,15.1
"47",7379,1981,3,16,14.8,-1,3.2,19
"48",7380,1981,3,17,18.8,3.7,0,14.3
"49",7381,1981,3,18,20,1.4,0,16.6
"50",7382,1981,3,19,20.4,4.1,0,13.9
"51",7383,1981,3,20,20.9,4.2,0,13.8
"52",7384,1981,3,21,13.2,4.1,4.8,13.9
"53",7385,1981,3,22,19.2,0.9,0,17.1
"54",7386,1981,3,23,11.4,5,6.6,13
"55",7387,1981,3,24,10,3.5,8,14.5
"56",7388,1981,3,25,11.2,7.5,6.8,10.5
"57",7389,1981,3,26,10.4,3.2,7.6,14.8
"58",7390,1981,3,27,11.6,0.2,6.4,17.8
"59",7391,1981,3,28,15.7,5.4,2.3,12.6
"60",7392,1981,3,29,14.1,4.4,3.9,13.6
"61",7393,1981,3,30,12.6,5.5,5.4,12.5
"62",7394,1981,3,31,13.3,5.9,4.7,12.1
"63",7729,1982,3,1,9.5,2.5,8.5,15.5
"64",7730,1982,3,2,10.7,-0.4,7.3,18.4
"65",7731,1982,3,3,13,-3.5,5,21.5
"66",7732,1982,3,4,13.4,6.5,4.6,11.5
"67",7733,1982,3,5,13.1,7.6,4.9,10.4
"68",7734,1982,3,6,8.5,1.4,9.5,16.6
"69",7735,1982,3,7,7.4,-2.3,10.6,20.3
"70",7736,1982,3,8,10.6,-0.2,7.4,18.2
"71",7737,1982,3,9,13.5,1.9,4.5,16.1
"72",7738,1982,3,10,17.5,0.6,0.5,17.4
"73",7739,1982,3,11,18.5,1.7,0,16.3
"74",7740,1982,3,12,12.8,5.4,5.2,12.6
"75",7741,1982,3,13,11.8,2.9,6.2,15.1
"76",7742,1982,3,14,15.6,7.4,2.4,10.6
"77",7743,1982,3,15,18.7,9.5,0,8.5
"78",7744,1982,3,16,17.4,5.3,0.600000000000001,12.7
"79",7745,1982,3,17,10.5,6.5,7.5,11.5
"80",7746,1982,3,18,14.3,3.4,3.7,14.6
"81",7747,1982,3,19,12,4.1,6,13.9
"82",7748,1982,3,20,14.4,8.4,3.6,9.6
"83",7749,1982,3,21,18.8,8.4,0,9.6
"84",7750,1982,3,22,19.9,5,0,13
"85",7751,1982,3,23,21.9,6.3,0,11.7
"86",7752,1982,3,24,12.9,4.1,5.1,13.9
"87",7753,1982,3,25,10,2.3,8,15.7
"88",7754,1982,3,26,13.4,2.6,4.6,15.4
"89",7755,1982,3,27,15,2.2,3,15.8
"90",7756,1982,3,28,13.6,5.1,4.4,12.9
"91",7757,1982,3,29,19.2,1.2,0,16.8
"92",7758,1982,3,30,15.5,7.6,2.5,10.4
"93",7759,1982,3,31,16.2,6.1,1.8,11.9
"94",8094,1983,3,1,8.3,0.2,9.7,17.8
"95",8095,1983,3,2,13.4,6.6,4.6,11.4
"96",8096,1983,3,3,11.3,4.7,6.7,13.3
"97",8097,1983,3,4,11.1,2.6,6.9,15.4
"98",8098,1983,3,5,10.5,-1.4,7.5,19.4
"99",8099,1983,3,6,12,1,6,17
"100",8100,1983,3,7,9.2,-1.1,8.8,19.1
"101",8101,1983,3,8,7.1,-1.2,10.9,19.2
"102",8102,1983,3,9,11.6,-1.8,6.4,19.8
"103",8103,1983,3,10,14.8,3.6,3.2,14.4
"104",8104,1983,3,11,14.4,2.6,3.6,15.4
"105",8105,1983,3,12,15.4,4,2.6,14
"106",8106,1983,3,13,6.9,1.2,11.1,16.8
"107",8107,1983,3,14,10.2,-0.9,7.8,18.9
"108",8108,1983,3,15,13,-1.2,5,19.2
"109",8109,1983,3,16,15.2,2.6,2.8,15.4
"110",8110,1983,3,17,9.6,1.4,8.4,16.6
"111",8111,1983,3,18,13.6,-0.4,4.4,18.4
"112",8112,1983,3,19,16.4,-0.7,1.6,18.7
"113",8113,1983,3,20,14.8,0.9,3.2,17.1
"114",8114,1983,3,21,17.6,9.6,0.399999999999999,8.4
"115",8115,1983,3,22,18.5,5.5,0,12.5
"116",8116,1983,3,23,11.2,7.5,6.8,10.5
"117",8117,1983,3,24,10.8,5,7.2,13
"118",8118,1983,3,25,13.8,2.9,4.2,15.1
"119",8119,1983,3,26,10.8,2.4,7.2,15.6
"120",8120,1983,3,27,14.3,2.4,3.7,15.6
"121",8121,1983,3,28,12.8,2.7,5.2,15.3
"122",8122,1983,3,29,12.6,5.5,5.4,12.5
"123",8123,1983,3,30,12.8,7.1,5.2,10.9
"124",8124,1983,3,31,11.2,6.6,6.8,11.4
"125",8460,1984,3,1,6.7,-6.5,11.3,24.5
"126",8461,1984,3,2,6.9,-0.3,11.1,18.3
"127",8462,1984,3,3,5.7,-3.5,12.3,21.5
"128",8463,1984,3,4,6.8,-4.7,11.2,22.7
"129",8464,1984,3,5,8.1,-3,9.9,21
"130",8465,1984,3,6,8.6,-1.4,9.4,19.4
"131",8466,1984,3,7,8.1,-1,9.9,19
"132",8467,1984,3,8,10.8,0.4,7.2,17.6
"133",8468,1984,3,9,11.9,0.3,6.1,17.7
"134",8469,1984,3,10,7.6,-0.1,10.4,18.1
"135",8470,1984,3,11,10,-2.6,8,20.6
"136",8471,1984,3,12,14.6,2.6,3.4,15.4
"137",8472,1984,3,13,8.9,1.1,9.1,16.9
"138",8473,1984,3,14,9,2.4,9,15.6
"139",8474,1984,3,15,9.8,2.1,8.2,15.9
"140",8475,1984,3,16,14.4,0.9,3.6,17.1
"141",8476,1984,3,17,12.6,2,5.4,16
"142",8477,1984,3,18,12.8,0.7,5.2,17.3
"143",8478,1984,3,19,6.7,2.5,11.3,15.5
"144",8479,1984,3,20,11.8,-0.5,6.2,18.5
"145",8480,1984,3,21,6.5,-0.8,11.5,18.8
"146",8481,1984,3,22,8.8,-2.3,9.2,20.3
"147",8482,1984,3,23,12.4,-0.6,5.6,18.6
"148",8483,1984,3,24,15.6,4.7,2.4,13.3
"149",8484,1984,3,25,15.4,1.1,2.6,16.9
"150",8485,1984,3,26,11.2,2,6.8,16
"151",8486,1984,3,27,15,1.7,3,16.3
"152",8487,1984,3,28,15,3.8,3,14.2
"153",8488,1984,3,29,19.7,5.1,0,12.9
"154",8489,1984,3,30,20.9,5.5,0,12.5
"155",8490,1984,3,31,7.2,5,10.8,13
"156",8825,1985,3,1,10.7,2.7,7.3,15.3
"157",8826,1985,3,2,7.9,5.9,10.1,12.1
"158",8827,1985,3,3,9,2.9,9,15.1
"159",8828,1985,3,4,12.7,0.7,5.3,17.3
"160",8829,1985,3,5,11,1.9,7,16.1
"161",8830,1985,3,6,10.5,-1.3,7.5,19.3
"162",8831,1985,3,7,9,3.6,9,14.4
"163",8832,1985,3,8,10,6.3,8,11.7
"164",8833,1985,3,9,9.1,0.9,8.9,17.1
"165",8834,1985,3,10,7.7,-2.2,10.3,20.2
"166",8835,1985,3,11,5.7,1,12.3,17
"167",8836,1985,3,12,11.1,-0.3,6.9,18.3
"168",8837,1985,3,13,9.8,0.6,8.2,17.4
"169",8838,1985,3,14,10.5,3.4,7.5,14.6
"170",8839,1985,3,15,8,5,10,13
"171",8840,1985,3,16,10.2,4.5,7.8,13.5
"172",8841,1985,3,17,13.6,4.6,4.4,13.4
"173",8842,1985,3,18,12.3,2.2,5.7,15.8
"174",8843,1985,3,19,9.8,3.6,8.2,14.4
"175",8844,1985,3,20,13.8,2.3,4.2,15.7
"176",8845,1985,3,21,15.8,0.7,2.2,17.3
"177",8846,1985,3,22,12.4,3.3,5.6,14.7
"178",8847,1985,3,23,12.7,5.8,5.3,12.2
"179",8848,1985,3,24,12.8,2.3,5.2,15.7
"180",8849,1985,3,25,15.9,3.9,2.1,14.1
"181",8850,1985,3,26,13.3,7.6,4.7,10.4
"182",8851,1985,3,27,12.4,7.5,5.6,10.5
"183",8852,1985,3,28,17.8,6.7,0.199999999999999,11.3
"184",8853,1985,3,29,13.7,3.2,4.3,14.8
"185",8854,1985,3,30,12,0.8,6,17.2
"186",8855,1985,3,31,12.6,1.3,5.4,16.7
"187",9190,1986,3,1,6,-3,12,21
"188",9191,1986,3,2,7.7,-3,10.3,21
"189",9192,1986,3,3,11.1,-0.3,6.9,18.3
"190",9193,1986,3,4,15.5,-0.3,2.5,18.3
"191",9194,1986,3,5,13.4,2.3,4.6,15.7
"192",9195,1986,3,6,12.3,-1.5,5.7,19.5
"193",9196,1986,3,7,15.5,-0.8,2.5,18.8
"194",9197,1986,3,8,14.9,4.5,3.1,13.5
"195",9198,1986,3,9,16.2,0.8,1.8,17.2
"196",9199,1986,3,10,14.5,3,3.5,15
"197",9200,1986,3,11,13.4,4.5,4.6,13.5
"198",9201,1986,3,12,14.5,1.2,3.5,16.8
"199",9202,1986,3,13,13.5,2.5,4.5,15.5
"200",9203,1986,3,14,8.3,4.5,9.7,13.5
"201",9204,1986,3,15,13.5,5.1,4.5,12.9
"202",9205,1986,3,16,10.8,2.2,7.2,15.8
"203",9206,1986,3,17,11.6,-0.7,6.4,18.7
"204",9207,1986,3,18,7.5,2.5,10.5,15.5
"205",9208,1986,3,19,11.6,3,6.4,15
"206",9209,1986,3,20,12,3.1,6,14.9
"207",9210,1986,3,21,11,3.7,7,14.3
"208",9211,1986,3,22,8.3,3.6,9.7,14.4
"209",9212,1986,3,23,11,2.6,7,15.4
"210",9213,1986,3,24,13.7,0.2,4.3,17.8
"211",9214,1986,3,25,15.3,2.1,2.7,15.9
"212",9215,1986,3,26,17.3,3.9,0.699999999999999,14.1
"213",9216,1986,3,27,16.5,2.7,1.5,15.3
"214",9217,1986,3,28,13.1,5.8,4.9,12.2
"215",9218,1986,3,29,16.1,3.7,1.9,14.3
"216",9219,1986,3,30,17.3,6,0.699999999999999,12
"217",9220,1986,3,31,17.5,2.8,0.5,15.2
"218",9555,1987,3,1,4.9,-1.3,13.1,19.3
"219",9556,1987,3,2,9,-4.8,9,22.8
"220",9557,1987,3,3,14,-2.6,4,20.6
"221",9558,1987,3,4,15.4,2,2.6,16
"222",9559,1987,3,5,20.5,5.9,0,12.1
"223",9560,1987,3,6,12.4,3,5.6,15
"224",9561,1987,3,7,6.3,0.5,11.7,17.5
"225",9562,1987,3,8,12.3,-1.9,5.7,19.9
"226",9563,1987,3,9,11,3.9,7,14.1
"227",9564,1987,3,10,7.3,4.4,10.7,13.6
"228",9565,1987,3,11,14.5,1.2,3.5,16.8
"229",9566,1987,3,12,12.3,2.3,5.7,15.7
"230",9567,1987,3,13,16.3,6.7,1.7,11.3
"231",9568,1987,3,14,14.7,4,3.3,14
"232",9569,1987,3,15,12.3,0.4,5.7,17.6
"233",9570,1987,3,16,12,-0.4,6,18.4
"234",9571,1987,3,17,9.8,4.3,8.2,13.7
"235",9572,1987,3,18,15.5,6.8,2.5,11.2
"236",9573,1987,3,19,10.7,5.5,7.3,12.5
"237",9574,1987,3,20,12.4,4.9,5.6,13.1
"238",9575,1987,3,21,15.3,2.3,2.7,15.7
"239",9576,1987,3,22,9.8,6.5,8.2,11.5
"240",9577,1987,3,23,10.4,6.7,7.6,11.3
"241",9578,1987,3,24,9.8,6.6,8.2,11.4
"242",9579,1987,3,25,7.4,-1.4,10.6,19.4
"243",9580,1987,3,26,9.9,-3.4,8.1,21.4
"244",9581,1987,3,27,11.3,-2.1,6.7,20.1
"245",9582,1987,3,28,12.9,-0.7,5.1,18.7
"246",9583,1987,3,29,17.7,1.4,0.300000000000001,16.6
"247",9584,1987,3,30,17.7,3.6,0.300000000000001,14.4
"248",9585,1987,3,31,7.2,2.7,10.8,15.3
"249",9921,1988,3,1,12.2,3.8,5.8,14.2
"250",9922,1988,3,2,11.1,-0.4,6.9,18.4
"251",9923,1988,3,3,3.8,-3.4,14.2,21.4
"252",9924,1988,3,4,8,-4.9,10,22.9
"253",9925,1988,3,5,9.7,-1.3,8.3,19.3
"254",9926,1988,3,6,9.4,-2.3,8.6,20.3
"255",9927,1988,3,7,4.5,-3.6,13.5,21.6
"256",9928,1988,3,8,6.4,-5,11.6,23
"257",9929,1988,3,9,11.4,-2.2,6.6,20.2
"258",9930,1988,3,10,17,-1.4,1,19.4
"259",9931,1988,3,11,12.9,2,5.1,16
"260",9932,1988,3,12,16,6.8,2,11.2
"261",9933,1988,3,13,18.8,4.8,0,13.2
"262",9934,1988,3,14,13.3,6.1,4.7,11.9
"263",9935,1988,3,15,11.2,2.8,6.8,15.2
"264",9936,1988,3,16,5.8,2.5,12.2,15.5
"265",9937,1988,3,17,7.1,2.4,10.9,15.6
"266",9938,1988,3,18,16.1,1.1,1.9,16.9
"267",9939,1988,3,19,13.3,3.2,4.7,14.8
"268",9940,1988,3,20,10.8,3.1,7.2,14.9
"269",9941,1988,3,21,9.8,5.2,8.2,12.8
"270",9942,1988,3,22,11.2,4.6,6.8,13.4
"271",9943,1988,3,23,14.3,2.4,3.7,15.6
"272",9944,1988,3,24,12.5,-0.3,5.5,18.3
"273",9945,1988,3,25,14.4,6.5,3.6,11.5
"274",9946,1988,3,26,11.2,4.7,6.8,13.3
"275",9947,1988,3,27,14.9,1.5,3.1,16.5
"276",9948,1988,3,28,15.1,3,2.9,15
"277",9949,1988,3,29,11.2,7.1,6.8,10.9
"278",9950,1988,3,30,12.2,5.6,5.8,12.4
"279",9951,1988,3,31,13.7,1.8,4.3,16.2
"280",10286,1989,3,1,10.4,3.8,7.6,14.2
"281",10287,1989,3,2,9.5,5.7,8.5,12.3
"282",10288,1989,3,3,15.9,7.3,2.1,10.7
"283",10289,1989,3,4,7.4,4.5,10.6,13.5
"284",10290,1989,3,5,5.7,2.3,12.3,15.7
"285",10291,1989,3,6,5.4,-0.6,12.6,18.6
"286",10292,1989,3,7,4.5,-2.2,13.5,20.2
"287",10293,1989,3,8,8.3,-3.5,9.7,21.5
"288",10294,1989,3,9,11.4,-0.3,6.6,18.3
"289",10295,1989,3,10,14.7,-1.6,3.3,19.6
"290",10296,1989,3,11,15.2,3.8,2.8,14.2
"291",10297,1989,3,12,16.3,2.3,1.7,15.7
"292",10298,1989,3,13,16.4,6.9,1.6,11.1
"293",10299,1989,3,14,18.4,6.3,0,11.7
"294",10300,1989,3,15,14.3,4.3,3.7,13.7
"295",10301,1989,3,16,17.3,2.4,0.699999999999999,15.6
"296",10302,1989,3,17,11.6,1.1,6.4,16.9
"297",10303,1989,3,18,13.3,0,4.7,18
"298",10304,1989,3,19,15.1,3,2.9,15
"299",10305,1989,3,20,14.1,4.2,3.9,13.8
"300",10306,1989,3,21,14.7,5.8,3.3,12.2
"301",10307,1989,3,22,10.8,4.4,7.2,13.6
"302",10308,1989,3,23,12.2,3.8,5.8,14.2
"303",10309,1989,3,24,9,5.8,9,12.2
"304",10310,1989,3,25,12.1,4.7,5.9,13.3
"305",10311,1989,3,26,14.5,2.9,3.5,15.1
"306",10312,1989,3,27,15.1,2.7,2.9,15.3
"307",10313,1989,3,28,12.2,4,5.8,14
"308",10314,1989,3,29,17,2.7,1,15.3
"309",10315,1989,3,30,17.8,2.8,0.199999999999999,15.2
"310",10316,1989,3,31,21.4,11,0,7
"311",10651,1990,3,1,8,5.2,10,12.8
"312",10652,1990,3,2,9.7,4.5,8.3,13.5
"313",10653,1990,3,3,13.2,1.7,4.8,16.3
"314",10654,1990,3,4,14.7,2.2,3.3,15.8
"315",10655,1990,3,5,12.7,1.5,5.3,16.5
"316",10656,1990,3,6,14,1.4,4,16.6
"317",10657,1990,3,7,7.9,1.4,10.1,16.6
"318",10658,1990,3,8,12.1,-1.3,5.9,19.3
"319",10659,1990,3,9,17.3,0,0.699999999999999,18
"320",10660,1990,3,10,19.5,2.6,0,15.4
"321",10661,1990,3,11,17.4,8,0.600000000000001,10
"322",10662,1990,3,12,13.1,4.8,4.9,13.2
"323",10663,1990,3,13,14.3,1.7,3.7,16.3
"324",10664,1990,3,14,15,4.5,3,13.5
"325",10665,1990,3,15,16.6,6.9,1.4,11.1
"326",10666,1990,3,16,14.3,4.1,3.7,13.9
"327",10667,1990,3,17,15.2,1.8,2.8,16.2
"328",10668,1990,3,18,11.9,2.5,6.1,15.5
"329",10669,1990,3,19,19.5,0.5,0,17.5
"330",10670,1990,3,20,19.8,7.3,0,10.7
"331",10671,1990,3,21,15.1,7.4,2.9,10.6
"332",10672,1990,3,22,18.3,5.4,0,12.6
"333",10673,1990,3,23,18.4,8.6,0,9.4
"334",10674,1990,3,24,15.7,7,2.3,11
"335",10675,1990,3,25,9.4,5.9,8.6,12.1
"336",10676,1990,3,26,13.1,4.5,4.9,13.5
"337",10677,1990,3,27,15.4,1.9,2.6,16.1
"338",10678,1990,3,28,11.8,9.3,6.2,8.7
"339",10679,1990,3,29,10.7,9.1,7.3,8.9
"340",10680,1990,3,30,15.5,8.9,2.5,9.1
"341",10681,1990,3,31,19.1,6.6,0,11.4
"342",11016,1991,3,1,8.7,1.1,9.3,16.9
"343",11017,1991,3,2,12.4,-1.1,5.6,19.1
"344",11018,1991,3,3,12.7,-0.2,5.3,18.2
"345",11019,1991,3,4,12.1,-0.6,5.9,18.6
"346",11020,1991,3,5,17.5,1,0.5,17
"347",11021,1991,3,6,20.5,2.2,0,15.8
"348",11022,1991,3,7,10.8,2.3,7.2,15.7
"349",11023,1991,3,8,5.3,3.2,12.7,14.8
"350",11024,1991,3,9,9.7,3.3,8.3,14.7
"351",11025,1991,3,10,9.3,1.2,8.7,16.8
"352",11026,1991,3,11,7.4,1.3,10.6,16.7
"353",11027,1991,3,12,14.6,1.7,3.4,16.3
"354",11028,1991,3,13,15.4,1.4,2.6,16.6
"355",11029,1991,3,14,9.3,1.1,8.7,16.9
"356",11030,1991,3,15,8.5,-1.4,9.5,19.4
"357",11031,1991,3,16,11.5,3.4,6.5,14.6
"358",11032,1991,3,17,12.3,1.2,5.7,16.8
"359",11033,1991,3,18,16,-1,2,19
"360",11034,1991,3,19,20.4,2.8,0,15.2
"361",11035,1991,3,20,23.3,6,0,12
"362",11036,1991,3,21,8,5,10,13
"363",11037,1991,3,22,6.7,5.1,11.3,12.9
"364",11038,1991,3,23,15.6,6,2.4,12
"365",11039,1991,3,24,17.8,5.5,0.199999999999999,12.5
"366",11040,1991,3,25,12.5,6.6,5.5,11.4
"367",11041,1991,3,26,10.8,3.2,7.2,14.8
"368",11042,1991,3,27,8.1,5.6,9.9,12.4
"369",11043,1991,3,28,10,6.2,8,11.8
"370",11044,1991,3,29,12.5,6.2,5.5,11.8
"371",11045,1991,3,30,14.6,4.5,3.4,13.5
"372",11046,1991,3,31,12.7,3,5.3,15
"373",11382,1992,3,1,11.4,7.8,6.6,10.2
"374",11383,1992,3,2,7.9,5.8,10.1,12.2
"375",11384,1992,3,3,6.3,4.9,11.7,13.1
"376",11385,1992,3,4,7.8,4.7,10.2,13.3
"377",11386,1992,3,5,6.3,2.4,11.7,15.6
"378",11387,1992,3,6,7.3,1.2,10.7,16.8
"379",11388,1992,3,7,11.7,-2.1,6.3,20.1
"380",11389,1992,3,8,13.5,-0.8,4.5,18.8
"381",11390,1992,3,9,15.6,0,2.4,18
"382",11391,1992,3,10,14.6,2.7,3.4,15.3
"383",11392,1992,3,11,17,2.3,1,15.7
"384",11393,1992,3,12,19.9,2.4,0,15.6
"385",11394,1992,3,13,19.3,3.8,0,14.2
"386",11395,1992,3,14,19,4.2,0,13.8
"387",11396,1992,3,15,14,9.6,4,8.4
"388",11397,1992,3,16,10.2,3.8,7.8,14.2
"389",11398,1992,3,17,7.2,3.2,10.8,14.8
"390",11399,1992,3,18,9.1,3.1,8.9,14.9
"391",11400,1992,3,19,15,4.2,3,13.8
"392",11401,1992,3,20,11.4,4.4,6.6,13.6
"393",11402,1992,3,21,11.3,5.3,6.7,12.7
"394",11403,1992,3,22,13.2,3.2,4.8,14.8
"395",11404,1992,3,23,9.4,6.8,8.6,11.2
"396",11405,1992,3,24,10.4,7.6,7.6,10.4
"397",11406,1992,3,25,16.2,7.4,1.8,10.6
"398",11407,1992,3,26,13.4,9.1,4.6,8.9
"399",11408,1992,3,27,14,8.9,4,9.1
"400",11409,1992,3,28,12.6,8.8,5.4,9.2
"401",11410,1992,3,29,16.3,8.6,1.7,9.4
"402",11411,1992,3,30,16.8,5.5,1.2,12.5
"403",11412,1992,3,31,19.5,5.4,0,12.6
"404",11747,1993,3,1,4,-3.3,14,21.3
"405",11748,1993,3,2,9.1,-5.5,8.9,23.5
"406",11749,1993,3,3,13.2,-2.2,4.8,20.2
"407",11750,1993,3,4,13.8,-0.5,4.2,18.5
"408",11751,1993,3,5,18.2,0.5,0,17.5
"409",11752,1993,3,6,11.1,5.2,6.9,12.8
"410",11753,1993,3,7,7.2,2.1,10.8,15.9
"411",11754,1993,3,8,10.3,-0.9,7.7,18.9
"412",11755,1993,3,9,12.8,-1.3,5.2,19.3
"413",11756,1993,3,10,12,1.7,6,16.3
"414",11757,1993,3,11,11.6,1.6,6.4,16.4
"415",11758,1993,3,12,11,1.5,7,16.5
"416",11759,1993,3,13,15.2,0.7,2.8,17.3
"417",11760,1993,3,14,14,4.8,4,13.2
"418",11761,1993,3,15,9.4,5.9,8.6,12.1
"419",11762,1993,3,16,5.9,0.3,12.1,17.7
"420",11763,1993,3,17,7.9,0.2,10.1,17.8
"421",11764,1993,3,18,10.1,0.1,7.9,17.9
"422",11765,1993,3,19,9.6,0.6,8.4,17.4
"423",11766,1993,3,20,11.4,2.1,6.6,15.9
"424",11767,1993,3,21,13.1,0,4.9,18
"425",11768,1993,3,22,16.3,4,1.7,14
"426",11769,1993,3,23,18.2,4.2,0,13.8
"427",11770,1993,3,24,11.4,7.5,6.6,10.5
"428",11771,1993,3,25,18.1,4.7,0,13.3
"429",11772,1993,3,26,16.6,8.3,1.4,9.7
"430",11773,1993,3,27,17.5,3.8,0.5,14.2
"431",11774,1993,3,28,16.7,4.7,1.3,13.3
"432",11775,1993,3,29,11,2.9,7,15.1
"433",11776,1993,3,30,14.8,2,3.2,16
"434",11777,1993,3,31,18.9,3.9,0,14.1
"435",12112,1994,3,1,9.1,-2.7,8.9,20.7
"436",12113,1994,3,2,10.8,-0.8,7.2,18.8
"437",12114,1994,3,3,11,-1.2,7,19.2
"438",12115,1994,3,4,11.2,0.6,6.8,17.4
"439",12116,1994,3,5,11.6,4.3,6.4,13.7
"440",12117,1994,3,6,11.6,1.9,6.4,16.1
"441",12118,1994,3,7,11.3,5.7,6.7,12.3
"442",12119,1994,3,8,16.4,7.3,1.6,10.7
"443",12120,1994,3,9,7.3,0.9,10.7,17.1
"444",12121,1994,3,10,6.9,-2.2,11.1,20.2
"445",12122,1994,3,11,11.1,-1.3,6.9,19.3
"446",12123,1994,3,12,9.8,2.1,8.2,15.9
"447",12124,1994,3,13,10.6,0.9,7.4,17.1
"448",12125,1994,3,14,8.2,-1.9,9.8,19.9
"449",12126,1994,3,15,11.1,-2.5,6.9,20.5
"450",12127,1994,3,16,12.5,-0.6,5.5,18.6
"451",12128,1994,3,17,12.7,1.7,5.3,16.3
"452",12129,1994,3,18,15.8,-0.4,2.2,18.4
"453",12130,1994,3,19,16.9,3.5,1.1,14.5
"454",12131,1994,3,20,11,3.4,7,14.6
"455",12132,1994,3,21,9.7,4.4,8.3,13.6
"456",12133,1994,3,22,11.7,4.1,6.3,13.9
"457",12134,1994,3,23,12.1,3.5,5.9,14.5
"458",12135,1994,3,24,9.4,0.5,8.6,17.5
"459",12136,1994,3,25,8.6,-0.5,9.4,18.5
"460",12137,1994,3,26,9.1,-0.9,8.9,18.9
"461",12138,1994,3,27,16.2,-0.5,1.8,18.5
"462",12139,1994,3,28,15.4,4,2.6,14
"463",12140,1994,3,29,10.7,4.9,7.3,13.1
"464",12141,1994,3,30,17.8,4.9,0.199999999999999,13.1
"465",12142,1994,3,31,18.6,7.1,0,10.9
"466",12477,1995,3,1,9.8,0.5,8.2,17.5
"467",12478,1995,3,2,9.9,0.9,8.1,17.1
"468",12479,1995,3,3,10.8,2.4,7.2,15.6
"469",12480,1995,3,4,6.2,-0.4,11.8,18.4
"470",12481,1995,3,5,13,-1.1,5,19.1
"471",12482,1995,3,6,14.9,-0.3,3.1,18.3
"472",12483,1995,3,7,17.1,1.9,0.899999999999999,16.1
"473",12484,1995,3,8,18.8,3.1,0,14.9
"474",12485,1995,3,9,13.9,3.5,4.1,14.5
"475",12486,1995,3,10,12.4,5.3,5.6,12.7
"476",12487,1995,3,11,12.6,4.8,5.4,13.2
"477",12488,1995,3,12,10.4,4.2,7.6,13.8
"478",12489,1995,3,13,13.2,3,4.8,15
"479",12490,1995,3,14,13.4,1.5,4.6,16.5
"480",12491,1995,3,15,15.2,1.6,2.8,16.4
"481",12492,1995,3,16,18.4,8.9,0,9.1
"482",12493,1995,3,17,12.7,0.8,5.3,17.2
"483",12494,1995,3,18,10.9,-1.4,7.1,19.4
"484",12495,1995,3,19,12.4,0.1,5.6,17.9
"485",12496,1995,3,20,17,3.5,1,14.5
"486",12497,1995,3,21,19.5,10.3,0,7.7
"487",12498,1995,3,22,10.3,7,7.7,11
"488",12499,1995,3,23,13.4,6.6,4.6,11.4
"489",12500,1995,3,24,9.6,6.9,8.4,11.1
"490",12501,1995,3,25,6.9,3.8,11.1,14.2
"491",12502,1995,3,26,14.7,1,3.3,17
"492",12503,1995,3,27,17.8,1.1,0.199999999999999,16.9
"493",12504,1995,3,28,11.3,1.8,6.7,16.2
"494",12505,1995,3,29,15.4,5,2.6,13
"495",12506,1995,3,30,12.1,6.3,5.9,11.7
"496",12507,1995,3,31,16.6,3.4,1.4,14.6
"497",12843,1996,3,1,8.8,-0.3,9.2,18.3
"498",12844,1996,3,2,11.9,-1.3,6.1,19.3
"499",12845,1996,3,3,12.6,-0.7,5.4,18.7
"500",12846,1996,3,4,13.8,0.8,4.2,17.2
"501",12847,1996,3,5,7.9,-0.6,10.1,18.6
"502",12848,1996,3,6,14.1,-2.3,3.9,20.3
"503",12849,1996,3,7,9.3,7.2,8.7,10.8
"504",12850,1996,3,8,10.8,2.5,7.2,15.5
"505",12851,1996,3,9,11.2,0.1,6.8,17.9
"506",12852,1996,3,10,11.8,-0.6,6.2,18.6
"507",12853,1996,3,11,9.5,-0.1,8.5,18.1
"508",12854,1996,3,12,8.9,-2.8,9.1,20.8
"509",12855,1996,3,13,15.5,-1.7,2.5,19.7
"510",12856,1996,3,14,17,5,1,13
"511",12857,1996,3,15,9.8,2.2,8.2,15.8
"512",12858,1996,3,16,10.8,0.2,7.2,17.8
"513",12859,1996,3,17,16,5.7,2,12.3
"514",12860,1996,3,18,12.5,1.8,5.5,16.2
"515",12861,1996,3,19,10.2,-0.4,7.8,18.4
"516",12862,1996,3,20,11.3,0.3,6.7,17.7
"517",12863,1996,3,21,9.5,3.9,8.5,14.1
"518",12864,1996,3,22,8.2,5.1,9.8,12.9
"519",12865,1996,3,23,6.5,4.7,11.5,13.3
"520",12866,1996,3,24,8.4,3.8,9.6,14.2
"521",12867,1996,3,25,16,4.3,2,13.7
"522",12868,1996,3,26,14,3.7,4,14.3
"523",12869,1996,3,27,16.3,5.8,1.7,12.2
"524",12870,1996,3,28,11.5,4.7,6.5,13.3
"525",12871,1996,3,29,12,6.6,6,11.4
"526",12872,1996,3,30,17,9.3,1,8.7
"527",12873,1996,3,31,16.4,6,1.6,12
"528",13208,1997,3,1,12.2,3.7,5.8,14.3
"529",13209,1997,3,2,12.7,0.5,5.3,17.5
"530",13210,1997,3,3,10.8,-1.1,7.2,19.1
"531",13211,1997,3,4,15.3,1.5,2.7,16.5
"532",13212,1997,3,5,18.9,3.7,0,14.3
"533",13213,1997,3,6,14.3,3.1,3.7,14.9
"534",13214,1997,3,7,17.7,6.4,0.300000000000001,11.6
"535",13215,1997,3,8,18.5,0.6,0,17.4
"536",13216,1997,3,9,16.7,5.5,1.3,12.5
"537",13217,1997,3,10,11.7,8.4,6.3,9.6
"538",13218,1997,3,11,13.1,8.4,4.9,9.6
"539",13219,1997,3,12,14.5,7.4,3.5,10.6
"540",13220,1997,3,13,16.9,7.5,1.1,10.5
"541",13221,1997,3,14,10.8,5.3,7.2,12.7
"542",13222,1997,3,15,6.8,4.5,11.2,13.5
"543",13223,1997,3,16,7.5,3.5,10.5,14.5
"544",13224,1997,3,17,8.5,2.4,9.5,15.6
"545",13225,1997,3,18,14.1,0,3.9,18
"546",13226,1997,3,19,13.9,3.3,4.1,14.7
"547",13227,1997,3,20,12.9,4.2,5.1,13.8
"548",13228,1997,3,21,16.9,1.1,1.1,16.9
"549",13229,1997,3,22,12.5,5.4,5.5,12.6
"550",13230,1997,3,23,14.2,0.3,3.8,17.7
"551",13231,1997,3,24,13.7,-2.3,4.3,20.3
"552",13232,1997,3,25,20.2,4.7,0,13.3
"553",13233,1997,3,26,17.7,6.5,0.300000000000001,11.5
"554",13234,1997,3,27,19.2,3.2,0,14.8
"555",13235,1997,3,28,22.3,5.5,0,12.5
"556",13236,1997,3,29,17.3,11.4,0.699999999999999,6.6
"557",13237,1997,3,30,14.4,2.8,3.6,15.2
"558",13238,1997,3,31,15.1,0.5,2.9,17.5
"559",13573,1998,3,1,11.7,2.5,6.3,15.5
"560",13574,1998,3,2,14.4,0.6,3.6,17.4
"561",13575,1998,3,3,16.4,2.3,1.6,15.7
"562",13576,1998,3,4,13.7,6.8,4.3,11.2
"563",13577,1998,3,5,12.6,5.4,5.4,12.6
"564",13578,1998,3,6,17.7,3,0.300000000000001,15
"565",13579,1998,3,7,10.4,5.1,7.6,12.9
"566",13580,1998,3,8,11.8,0.7,6.2,17.3
"567",13581,1998,3,9,14.7,3.9,3.3,14.1
"568",13582,1998,3,10,8.3,6.5,9.7,11.5
"569",13583,1998,3,11,8.2,6.4,9.8,11.6
"570",13584,1998,3,12,12,5.3,6,12.7
"571",13585,1998,3,13,16.8,4.1,1.2,13.9
"572",13586,1998,3,14,16.7,5.3,1.3,12.7
"573",13587,1998,3,15,10.2,0.2,7.8,17.8
"574",13588,1998,3,16,13.8,3.6,4.2,14.4
"575",13589,1998,3,17,13.3,2.1,4.7,15.9
"576",13590,1998,3,18,14.7,4.1,3.3,13.9
"577",13591,1998,3,19,16.9,10.2,1.1,7.8
"578",13592,1998,3,20,13,2.2,5,15.8
"579",13593,1998,3,21,9.7,-0.4,8.3,18.4
"580",13594,1998,3,22,10.2,1.5,7.8,16.5
"581",13595,1998,3,23,12.5,3.2,5.5,14.8
"582",13596,1998,3,24,14.7,5.5,3.3,12.5
"583",13597,1998,3,25,18.3,9.2,0,8.8
"584",13598,1998,3,26,14.5,7.1,3.5,10.9
"585",13599,1998,3,27,15.3,7.9,2.7,10.1
"586",13600,1998,3,28,20.3,6.9,0,11.1
"587",13601,1998,3,29,22.9,7.8,0,10.2
"588",13602,1998,3,30,22.7,10.1,0,7.9
"589",13603,1998,3,31,15.6,8.6,2.4,9.4
"590",13938,1999,3,1,13.4,0.5,4.6,17.5
"591",13939,1999,3,2,14.6,3.3,3.4,14.7
"592",13940,1999,3,3,18.9,2.8,0,15.2
"593",13941,1999,3,4,16.7,3.5,1.3,14.5
"594",13942,1999,3,5,19.4,8.1,0,9.9
"595",13943,1999,3,6,9.9,6.4,8.1,11.6
"596",13944,1999,3,7,7.7,5.2,10.3,12.8
"597",13945,1999,3,8,8.9,4.2,9.1,13.8
"598",13946,1999,3,9,9.8,3.3,8.2,14.7
"599",13947,1999,3,10,12.9,3.1,5.1,14.9
"600",13948,1999,3,11,11.6,4.2,6.4,13.8
"601",13949,1999,3,12,11.1,2,6.9,16
"602",13950,1999,3,13,16.6,2,1.4,16
"603",13951,1999,3,14,15.3,5.8,2.7,12.2
"604",13952,1999,3,15,9.5,5.8,8.5,12.2
"605",13953,1999,3,16,13.9,2.6,4.1,15.4
"606",13954,1999,3,17,18,3.2,0,14.8
"607",13955,1999,3,18,19.3,12,0,6
"608",13956,1999,3,19,12.8,3.4,5.2,14.6
"609",13957,1999,3,20,6.6,2.9,11.4,15.1
"610",13958,1999,3,21,10.9,0.4,7.1,17.6
"611",13959,1999,3,22,7.2,-2.5,10.8,20.5
"612",13960,1999,3,23,11.5,-1,6.5,19
"613",13961,1999,3,24,7.7,1.1,10.3,16.9
"614",13962,1999,3,25,14.8,7.5,3.2,10.5
"615",13963,1999,3,26,13.5,7.3,4.5,10.7
"616",13964,1999,3,27,11.7,5.6,6.3,12.4
"617",13965,1999,3,28,12.9,3.6,5.1,14.4
"618",13966,1999,3,29,9.5,2.2,8.5,15.8
"619",13967,1999,3,30,11,5.4,7,12.6
"620",13968,1999,3,31,16.8,3.8,1.2,14.2
"621",14304,2000,3,1,13.4,-1.6,4.6,19.6
"622",14305,2000,3,2,16.7,1.9,1.3,16.1
"623",14306,2000,3,3,17.1,1.7,0.899999999999999,16.3
"624",14307,2000,3,4,12.3,6.3,5.7,11.7
"625",14308,2000,3,5,13.2,3.7,4.8,14.3
"626",14309,2000,3,6,15.8,2.1,2.2,15.9
"627",14310,2000,3,7,8.7,-1,9.3,19
"628",14311,2000,3,8,8.9,-2.9,9.1,20.9
"629",14312,2000,3,9,9.5,-1.7,8.5,19.7
"630",14313,2000,3,10,12.5,0.4,5.5,17.6
"631",14314,2000,3,11,12.9,5.3,5.1,12.7
"632",14315,2000,3,12,12.9,4.8,5.1,13.2
"633",14316,2000,3,13,15.6,5.2,2.4,12.8
"634",14317,2000,3,14,16,5,2,13
"635",14318,2000,3,15,16.1,0.3,1.9,17.7
"636",14319,2000,3,16,11.6,4.7,6.4,13.3
"637",14320,2000,3,17,14.5,2,3.5,16
"638",14321,2000,3,18,17.3,3.5,0.699999999999999,14.5
"639",14322,2000,3,19,17.3,6.2,0.699999999999999,11.8
"640",14323,2000,3,20,12,3.9,6,14.1
"641",14324,2000,3,21,14.1,4.8,3.9,13.2
"642",14325,2000,3,22,9.8,3.4,8.2,14.6
"643",14326,2000,3,23,10.6,2.9,7.4,15.1
"644",14327,2000,3,24,12.9,3.9,5.1,14.1
"645",14328,2000,3,25,14.5,3.1,3.5,14.9
"646",14329,2000,3,26,18.5,4.3,0,13.7
"647",14330,2000,3,27,19.9,4.2,0,13.8
"648",14331,2000,3,28,16.6,7.3,1.4,10.7
"649",14332,2000,3,29,14,6.2,4,11.8
"650",14333,2000,3,30,17.8,4.3,0.199999999999999,13.7
"651",14334,2000,3,31,19.3,6.7,0,11.3
"652",14669,2001,3,1,10.1,3.5,7.9,14.5
"653",14670,2001,3,2,13,1,5,17
"654",14671,2001,3,3,13.9,3.5,4.1,14.5
"655",14672,2001,3,4,5.3,0.5,12.7,17.5
"656",14673,2001,3,5,11.9,0,6.1,18
"657",14674,2001,3,6,17,1.4,1,16.6
"658",14675,2001,3,7,8.7,-0.2,9.3,18.2
"659",14676,2001,3,8,2.8,-3,15.2,21
"660",14677,2001,3,9,6.6,-3.2,11.4,21.2
"661",14678,2001,3,10,13.3,0.6,4.7,17.4
"662",14679,2001,3,11,9.2,0.2,8.8,17.8
"663",14680,2001,3,12,10.1,1.5,7.9,16.5
"664",14681,2001,3,13,11.7,0.1,6.3,17.9
"665",14682,2001,3,14,18.7,2.4,0,15.6
"666",14683,2001,3,15,15.6,6.1,2.4,11.9
"667",14684,2001,3,16,14.7,0.5,3.3,17.5
"668",14685,2001,3,17,12.1,7.2,5.9,10.8
"669",14686,2001,3,18,20.1,7.7,0,10.3
"670",14687,2001,3,19,21.6,7.7,0,10.3
"671",14688,2001,3,20,22.6,11.7,0,6.3
"672",14689,2001,3,21,20.8,7.6,0,10.4
"673",14690,2001,3,22,23.6,9.1,0,8.9
"674",14691,2001,3,23,18.7,8.6,0,9.4
"675",14692,2001,3,24,19.8,4.2,0,13.8
"676",14693,2001,3,25,21.6,11,0,7
"677",14694,2001,3,26,15.5,5.3,2.5,12.7
"678",14695,2001,3,27,12.8,2.4,5.2,15.6
"679",14696,2001,3,28,9.7,4.8,8.3,13.2
"680",14697,2001,3,29,11.2,4.4,6.8,13.6
"681",14698,2001,3,30,7,0.3,11,17.7
"682",14699,2001,3,31,12.7,1.8,5.3,16.2
"683",15034,2002,3,1,13.1,3.7,4.9,14.3
"684",15035,2002,3,2,13.6,3.6,4.4,14.4
"685",15036,2002,3,3,11.3,4.7,6.7,13.3
"686",15037,2002,3,4,13.6,2.2,4.4,15.8
"687",15038,2002,3,5,8.7,6.2,9.3,11.8
"688",15039,2002,3,6,11.2,2.6,6.8,15.4
"689",15040,2002,3,7,9.1,-0.1,8.9,18.1
"690",15041,2002,3,8,12.7,0.8,5.3,17.2
"691",15042,2002,3,9,18.4,1,0,17
"692",15043,2002,3,10,18.4,9.7,0,8.3
"693",15044,2002,3,11,19,4.7,0,13.3
"694",15045,2002,3,12,20.4,8.9,0,9.1
"695",15046,2002,3,13,17.5,6.3,0.5,11.7
"696",15047,2002,3,14,12.1,8.3,5.9,9.7
"697",15048,2002,3,15,19.9,9.9,0,8.1
"698",15049,2002,3,16,19.7,7,0,11
"699",15050,2002,3,17,20,10,0,8
"700",15051,2002,3,18,16.6,7.1,1.4,10.9
"701",15052,2002,3,19,19.8,2.1,0,15.9
"702",15053,2002,3,20,23.3,6,0,12
"703",15054,2002,3,21,18,9.8,0,8.2
"704",15055,2002,3,22,14.5,6.6,3.5,11.4
"705",15056,2002,3,23,13.8,3.7,4.2,14.3
"706",15057,2002,3,24,13.5,3.4,4.5,14.6
"707",15058,2002,3,25,16.2,3.6,1.8,14.4
"708",15059,2002,3,26,15.4,3,2.6,15
"709",15060,2002,3,27,13.9,6.3,4.1,11.7
"710",15061,2002,3,28,16.7,4.1,1.3,13.9
"711",15062,2002,3,29,15,8.8,3,9.2
"712",15063,2002,3,30,18,5.8,0,12.2
"713",15064,2002,3,31,20.2,10.5,0,7.5
"714",15399,2003,3,1,7.8,4.5,10.2,13.5
"715",15400,2003,3,2,17,2.5,1,15.5
"716",15401,2003,3,3,11.6,0.1,6.4,17.9
"717",15402,2003,3,4,6.5,-2.6,11.5,20.6
"718",15403,2003,3,5,7.9,-0.2,10.1,18.2
"719",15404,2003,3,6,7.2,4.4,10.8,13.6
"720",15405,2003,3,7,8.4,2.9,9.6,15.1
"721",15406,2003,3,8,9.1,2.3,8.9,15.7
"722",15407,2003,3,9,8.1,1.2,9.9,16.8
"723",15408,2003,3,10,7.7,0.8,10.3,17.2
"724",15409,2003,3,11,9.2,-0.2,8.8,18.2
"725",15410,2003,3,12,11,0.2,7,17.8
"726",15411,2003,3,13,13.9,1.6,4.1,16.4
"727",15412,2003,3,14,13.7,1.5,4.3,16.5
"728",15413,2003,3,15,9.3,6.2,8.7,11.8
"729",15414,2003,3,16,9.3,5.5,8.7,12.5
"730",15415,2003,3,17,9,5,9,13
"731",15416,2003,3,18,12.5,4,5.5,14
"732",15417,2003,3,19,11.2,3.7,6.8,14.3
"733",15418,2003,3,20,13.9,0.6,4.1,17.4
"734",15419,2003,3,21,14.6,1.7,3.4,16.3
"735",15420,2003,3,22,13,5.3,5,12.7
"736",15421,2003,3,23,18.8,2.9,0,15.1
"737",15422,2003,3,24,17.7,6,0.300000000000001,12
"738",15423,2003,3,25,17.5,6.4,0.5,11.6
"739",15424,2003,3,26,21,5.3,0,12.7
"740",15425,2003,3,27,17.5,6.2,0.5,11.8
"741",15426,2003,3,28,15.1,3.6,2.9,14.4
"742",15427,2003,3,29,16.7,5.2,1.3,12.8
"743",15428,2003,3,30,20,7.7,0,10.3
"744",15429,2003,3,31,21.9,12.4,0,5.6
"745",15765,2004,3,1,11.8,3.4,6.2,14.6
"746",15766,2004,3,2,8.2,1,9.8,17
"747",15767,2004,3,3,6.3,-3.3,11.7,21.3
"748",15768,2004,3,4,6.8,-4.6,11.2,22.6
"749",15769,2004,3,5,11.9,2.6,6.1,15.4
"750",15770,2004,3,6,3.4,-2.7,14.6,20.7
"751",15771,2004,3,7,5.2,-3.9,12.8,21.9
"752",15772,2004,3,8,13.3,-2,4.7,20
"753",15773,2004,3,9,16.2,0.7,1.8,17.3
"754",15774,2004,3,10,18.7,9.5,0,8.5
"755",15775,2004,3,11,16.8,8.5,1.2,9.5
"756",15776,2004,3,12,16.3,5.9,1.7,12.1
"757",15777,2004,3,13,17.4,3.7,0.600000000000001,14.3
"758",15778,2004,3,14,16.5,4.3,1.5,13.7
"759",15779,2004,3,15,16.1,3.4,1.9,14.6
"760",15780,2004,3,16,21.1,6.4,0,11.6
"761",15781,2004,3,17,18.8,5.4,0,12.6
"762",15782,2004,3,18,10.1,1.6,7.9,16.4
"763",15783,2004,3,19,12.8,0.5,5.2,17.5
"764",15784,2004,3,20,15.1,5.7,2.9,12.3
"765",15785,2004,3,21,15.9,4.6,2.1,13.4
"766",15786,2004,3,22,11.8,5,6.2,13
"767",15787,2004,3,23,17.2,3.2,0.800000000000001,14.8
"768",15788,2004,3,24,15.5,5.3,2.5,12.7
"769",15789,2004,3,25,14.5,6.5,3.5,11.5
"770",15790,2004,3,26,13.9,5.7,4.1,12.3
"771",15791,2004,3,27,17.2,3.3,0.800000000000001,14.7
"772",15792,2004,3,28,21.9,6,0,12
"773",15793,2004,3,29,23.9,8.5,0,9.5
"774",15794,2004,3,30,23.2,9.8,0,8.2
"775",15795,2004,3,31,18.1,5.8,0,12.2
"776",16130,2005,3,1,10.3,-0.7,7.7,18.7
"777",16131,2005,3,2,11.2,0,6.8,18
"778",16132,2005,3,3,8.6,0.5,9.4,17.5
"779",16133,2005,3,4,8,-1.9,10,19.9
"780",16134,2005,3,5,6.3,-0.1,11.7,18.1
"781",16135,2005,3,6,8.9,-0.4,9.1,18.4
"782",16136,2005,3,7,15.1,-1.9,2.9,19.9
"783",16137,2005,3,8,17.6,2.9,0.399999999999999,15.1
"784",16138,2005,3,9,14.7,4.9,3.3,13.1
"785",16139,2005,3,10,20.4,9.6,0,8.4
"786",16140,2005,3,11,9.8,0.4,8.2,17.6
"787",16141,2005,3,12,5,-3.1,13,21.1
"788",16142,2005,3,13,6.5,-3.6,11.5,21.6
"789",16143,2005,3,14,11.1,-0.6,6.9,18.6
"790",16144,2005,3,15,11.3,2,6.7,16
"791",16145,2005,3,16,15.3,2.9,2.7,15.1
"792",16146,2005,3,17,13.1,7,4.9,11
"793",16147,2005,3,18,12.1,4.7,5.9,13.3
"794",16148,2005,3,19,13.5,1.1,4.5,16.9
"795",16149,2005,3,20,15.5,4.9,2.5,13.1
"796",16150,2005,3,21,15.5,3.7,2.5,14.3
"797",16151,2005,3,22,13.1,6.6,4.9,11.4
"798",16152,2005,3,23,12,6,6,12
"799",16153,2005,3,24,7.6,1.8,10.4,16.2
"800",16154,2005,3,25,12.9,-0.3,5.1,18.3
"801",16155,2005,3,26,18.8,1.6,0,16.4
"802",16156,2005,3,27,14.9,4.9,3.1,13.1
"803",16157,2005,3,28,21.2,8.6,0,9.4
"804",16158,2005,3,29,15,4.5,3,13.5
"805",16159,2005,3,30,18.3,2.6,0,15.4
"806",16160,2005,3,31,19.3,5.1,0,12.9
"807",16495,2006,3,1,6.7,1.3,11.3,16.7
"808",16496,2006,3,2,7.6,-0.9,10.4,18.9
"809",16497,2006,3,3,8.4,-2,9.6,20
"810",16498,2006,3,4,12.8,-1.6,5.2,19.6
"811",16499,2006,3,5,17.8,5.7,0.199999999999999,12.3
"812",16500,2006,3,6,14,7.6,4,10.4
"813",16501,2006,3,7,18.3,5.6,0,12.4
"814",16502,2006,3,8,16.3,6.1,1.7,11.9
"815",16503,2006,3,9,11.8,7.4,6.2,10.6
"816",16504,2006,3,10,18.6,3.9,0,14.1
"817",16505,2006,3,11,20.2,8.2,0,9.8
"818",16506,2006,3,12,10.7,-3.7,7.3,21.7
"819",16507,2006,3,13,6.3,-5.8,11.7,23.8
"820",16508,2006,3,14,9.1,-1.2,8.9,19.2
"821",16509,2006,3,15,17.2,0.7,0.800000000000001,17.3
"822",16510,2006,3,16,10.2,3,7.8,15
"823",16511,2006,3,17,18.3,3.4,0,14.6
"824",16512,2006,3,18,12.2,8.7,5.8,9.3
"825",16513,2006,3,19,12.7,3.9,5.3,14.1
"826",16514,2006,3,20,16.1,0.3,1.9,17.7
"827",16515,2006,3,21,17.5,7,0.5,11
"828",16516,2006,3,22,16.5,6.4,1.5,11.6
"829",16517,2006,3,23,16.6,6.9,1.4,11.1
"830",16518,2006,3,24,14,2.6,4,15.4
"831",16519,2006,3,25,20.5,2.5,0,15.5
"832",16520,2006,3,26,14.3,6.4,3.7,11.6
"833",16521,2006,3,27,19.7,4,0,14
"834",16522,2006,3,28,11,2.6,7,15.4
"835",16523,2006,3,29,13.3,0.8,4.7,17.2
"836",16524,2006,3,30,13,3.9,5,14.1
"837",16525,2006,3,31,15.7,0.9,2.3,17.1
"838",16860,2007,3,1,14.6,0.1,3.4,17.9
"839",16861,2007,3,2,13.8,6.4,4.2,11.6
"840",16862,2007,3,3,14.6,11.6,3.4,6.4
"841",16863,2007,3,4,15.8,10.6,2.2,7.4
"842",16864,2007,3,5,15.1,-0.6,2.9,18.6
"843",16865,2007,3,6,5.1,-3.7,12.9,21.7
"844",16866,2007,3,7,5.8,-3.7,12.2,21.7
"845",16867,2007,3,8,8.6,-1.3,9.4,19.3
"846",16868,2007,3,9,12.5,1.7,5.5,16.3
"847",16869,2007,3,10,13.5,2.7,4.5,15.3
"848",16870,2007,3,11,8.6,-2.5,9.4,20.5
"849",16871,2007,3,12,11.6,0.8,6.4,17.2
"850",16872,2007,3,13,13.1,3.2,4.9,14.8
"851",16873,2007,3,14,15.3,2.9,2.7,15.1
"852",16874,2007,3,15,11,5.6,7,12.4
"853",16875,2007,3,16,9.8,6.6,8.2,11.4
"854",16876,2007,3,17,7.5,2.2,10.5,15.8
"855",16877,2007,3,18,11.5,0,6.5,18
"856",16878,2007,3,19,11.1,1.7,6.9,16.3
"857",16879,2007,3,20,10.6,3.4,7.4,14.6
"858",16880,2007,3,21,15.5,1.2,2.5,16.8
"859",16881,2007,3,22,19.2,3.7,0,14.3
"860",16882,2007,3,23,21.2,4.5,0,13.5
"861",16883,2007,3,24,19,11.3,0,6.7
"862",16884,2007,3,25,20.3,9.1,0,8.9
"863",16885,2007,3,26,20.1,6.8,0,11.2
"864",16886,2007,3,27,19.2,12.3,0,5.7
"865",16887,2007,3,28,21.1,6.8,0,11.2
"866",16888,2007,3,29,16.5,8.3,1.5,9.7
"867",16889,2007,3,30,15.5,7.4,2.5,10.6
"868",16890,2007,3,31,21.7,9.8,0,8.2
"869",17226,2008,3,1,13.2,2.4,4.8,15.6
"870",17227,2008,3,2,14.3,1.2,3.7,16.8
"871",17228,2008,3,3,10.5,2.9,7.5,15.1
"872",17229,2008,3,4,6.1,-0.1,11.9,18.1
"873",17230,2008,3,5,10.7,-2.2,7.3,20.2
"874",17231,2008,3,6,13.3,-1.1,4.7,19.1
"875",17232,2008,3,7,11.1,1.4,6.9,16.6
"876",17233,2008,3,8,14.4,-0.5,3.6,18.5
"877",17234,2008,3,9,15.3,3.4,2.7,14.6
"878",17235,2008,3,10,19.3,6.6,0,11.4
"879",17236,2008,3,11,18.5,4,0,14
"880",17237,2008,3,12,15.7,5.2,2.3,12.8
"881",17238,2008,3,13,16.9,4.8,1.1,13.2
"882",17239,2008,3,14,12.8,6.2,5.2,11.8
"883",17240,2008,3,15,15.4,2.9,2.6,15.1
"884",17241,2008,3,16,17.4,5.7,0.600000000000001,12.3
"885",17242,2008,3,17,17.1,3.8,0.899999999999999,14.2
"886",17243,2008,3,18,15,4.5,3,13.5
"887",17244,2008,3,19,11.9,6.2,6.1,11.8
"888",17245,2008,3,20,12.7,4.7,5.3,13.3
"889",17246,2008,3,21,14,3,4,15
"890",17247,2008,3,22,16,5.6,2,12.4
"891",17248,2008,3,23,12.2,8.4,5.8,9.6
"892",17249,2008,3,24,18.8,7.3,0,10.7
"893",17250,2008,3,25,15.3,6.3,2.7,11.7
"894",17251,2008,3,26,13.3,3,4.7,15
"895",17252,2008,3,27,14.3,3.2,3.7,14.8
"896",17253,2008,3,28,13.6,3.7,4.4,14.3
"897",17254,2008,3,29,11.9,5.6,6.1,12.4
"898",17255,2008,3,30,10.8,5.4,7.2,12.6
"899",17256,2008,3,31,13.1,4.8,4.9,13.2
"900",17591,2009,3,1,14.1,3.2,3.9,14.8
"901",17592,2009,3,2,6,1.7,12,16.3
"902",17593,2009,3,3,6.3,2.9,11.7,15.1
"903",17594,2009,3,4,12.3,3.1,5.7,14.9
"904",17595,2009,3,5,12.8,3.8,5.2,14.2
"905",17596,2009,3,6,10.7,3.1,7.3,14.9
"906",17597,2009,3,7,12,-0.2,6,18.2
"907",17598,2009,3,8,14.8,3.4,3.2,14.6
"908",17599,2009,3,9,15.6,5,2.4,13
"909",17600,2009,3,10,16,5.1,2,12.9
"910",17601,2009,3,11,12.3,3.2,5.7,14.8
"911",17602,2009,3,12,14,1.1,4,16.9
"912",17603,2009,3,13,17.7,5,0.300000000000001,13
"913",17604,2009,3,14,8.7,-1.4,9.3,19.4
"914",17605,2009,3,15,14.4,-0.1,3.6,18.1
"915",17606,2009,3,16,19.9,6.5,0,11.5
"916",17607,2009,3,17,21.6,6.5,0,11.5
"917",17608,2009,3,18,21.2,14,0,4
"918",17609,2009,3,19,22.8,10.7,0,7.3
"919",17610,2009,3,20,11.9,5.4,6.1,12.6
"920",17611,2009,3,21,18.2,3.1,0,14.9
"921",17612,2009,3,22,19.4,9.6,0,8.4
"922",17613,2009,3,23,11.9,6.4,6.1,11.6
"923",17614,2009,3,24,13.5,2.3,4.5,15.7
"924",17615,2009,3,25,10.1,1.4,7.9,16.6
"925",17616,2009,3,26,14.8,-0.1,3.2,18.1
"926",17617,2009,3,27,12.1,2.3,5.9,15.7
"927",17618,2009,3,28,13.1,3.7,4.9,14.3
"928",17619,2009,3,29,8.4,2.8,9.6,15.2
"929",17620,2009,3,30,12.1,3.4,5.9,14.6
"930",17621,2009,3,31,15.7,6.1,2.3,11.9
"931",17956,2010,3,1,9.1,4.8,8.9,13.2
"932",17957,2010,3,2,9.4,4,8.6,14
"933",17958,2010,3,3,10.1,1.5,7.9,16.5
"934",17959,2010,3,4,8.6,6.2,9.4,11.8
"935",17960,2010,3,5,10.9,6,7.1,12
"936",17961,2010,3,6,8.9,3.2,9.1,14.8
"937",17962,2010,3,7,5.4,3.1,12.6,14.9
"938",17963,2010,3,8,4.8,2.1,13.2,15.9
"939",17964,2010,3,9,5.1,0.2,12.9,17.8
"940",17965,2010,3,10,4.2,-2.6,13.8,20.6
"941",17966,2010,3,11,10.5,-2.2,7.5,20.2
"942",17967,2010,3,12,14.6,3.9,3.4,14.1
"943",17968,2010,3,13,15.2,6.3,2.8,11.7
"944",17969,2010,3,14,12,3.6,6,14.4
"945",17970,2010,3,15,17.2,7.9,0.800000000000001,10.1
"946",17971,2010,3,16,10.9,1.4,7.1,16.6
"947",17972,2010,3,17,10,-0.2,8,18.2
"948",17973,2010,3,18,7.9,1.5,10.1,16.5
"949",17974,2010,3,19,16,-1.9,2,19.9
"950",17975,2010,3,20,22.2,11.4,0,6.6
"951",17976,2010,3,21,11.5,4.1,6.5,13.9
"952",17977,2010,3,22,11.8,3.5,6.2,14.5
"953",17978,2010,3,23,10.3,4.4,7.7,13.6
"954",17979,2010,3,24,11,6.9,7,11.1
"955",17980,2010,3,25,9,2.1,9,15.9
"956",17981,2010,3,26,9.3,-0.2,8.7,18.2
"957",17982,2010,3,27,13.1,-0.9,4.9,18.9
"958",17983,2010,3,28,15.7,3.5,2.3,14.5
"959",17984,2010,3,29,12.1,1.2,5.9,16.8
"960",17985,2010,3,30,12.1,2.9,5.9,15.1
"961",17986,2010,3,31,12.4,6.4,5.6,11.6
"962",18321,2011,3,1,8.9,2,9.1,16
"963",18322,2011,3,2,6.7,-1.1,11.3,19.1
"964",18323,2011,3,3,5.5,-3.5,12.5,21.5
"965",18324,2011,3,4,9.2,-1.9,8.8,19.9
"966",18325,2011,3,5,12.2,-2.2,5.8,20.2
"967",18326,2011,3,6,13.3,1.9,4.7,16.1
"968",18327,2011,3,7,10.7,2.6,7.3,15.4
"969",18328,2011,3,8,10.6,-0.1,7.4,18.1
"970",18329,2011,3,9,7.8,0.2,10.2,17.8
"971",18330,2011,3,10,10.9,-2.2,7.1,20.2
"972",18331,2011,3,11,14.1,0,3.9,18
"973",18332,2011,3,12,16.8,3.1,1.2,14.9
"974",18333,2011,3,13,19.7,3.6,0,14.4
"975",18334,2011,3,14,20,6.4,0,11.6
"976",18335,2011,3,15,12.8,0.9,5.2,17.1
"977",18336,2011,3,16,9.2,-1.2,8.8,19.2
"978",18337,2011,3,17,9.6,-1.2,8.4,19.2
"979",18338,2011,3,18,14.6,-1.6,3.4,19.6
"980",18339,2011,3,19,18.9,8.4,0,9.6
"981",18340,2011,3,20,12.5,5.4,5.5,12.6
"982",18341,2011,3,21,12.7,5,5.3,13
"983",18342,2011,3,22,10.2,2.8,7.8,15.2
"984",18343,2011,3,23,10.4,-0.5,7.6,18.5
"985",18344,2011,3,24,13,1.3,5,16.7
"986",18345,2011,3,25,8.8,2.6,9.2,15.4
"987",18346,2011,3,26,10.8,0.1,7.2,17.9
"988",18347,2011,3,27,13.1,-0.4,4.9,18.4
"989",18348,2011,3,28,14.8,1.7,3.2,16.3
"990",18349,2011,3,29,13.6,1.6,4.4,16.4
"991",18350,2011,3,30,18.8,4.6,0,13.4
"992",18351,2011,3,31,21,6.5,0,11.5
"993",18687,2012,3,1,11.6,1.5,6.4,16.5
"994",18688,2012,3,2,8.8,5.7,9.2,12.3
"995",18689,2012,3,3,6.8,4.9,11.2,13.1
"996",18690,2012,3,4,7.8,4.7,10.2,13.3
"997",18691,2012,3,5,7.4,5.1,10.6,12.9
"998",18692,2012,3,6,13.7,4.3,4.3,13.7
"999",18693,2012,3,7,12,1.9,6,16.1
"1000",18694,2012,3,8,11.3,3.1,6.7,14.9
"1001",18695,2012,3,9,11.4,4.1,6.6,13.9
"1002",18696,2012,3,10,10.8,4,7.2,14
"1003",18697,2012,3,11,5.4,-1.5,12.6,19.5
"1004",18698,2012,3,12,7,-3.3,11,21.3
"1005",18699,2012,3,13,9.8,-1.9,8.2,19.9
"1006",18700,2012,3,14,14.8,-1.4,3.2,19.4
"1007",18701,2012,3,15,11.5,3,6.5,15
"1008",18702,2012,3,16,11.1,4.2,6.9,13.8
"1009",18703,2012,3,17,14.7,8.8,3.3,9.2
"1010",18704,2012,3,18,17.9,5.5,0.100000000000001,12.5
"1011",18705,2012,3,19,10,2.5,8,15.5
"1012",18706,2012,3,20,13.6,1.6,4.4,16.4
"1013",18707,2012,3,21,14.1,1.1,3.9,16.9
"1014",18708,2012,3,22,8.8,4.4,9.2,13.6
"1015",18709,2012,3,23,9.3,5.7,8.7,12.3
"1016",18710,2012,3,24,11,3.7,7,14.3
"1017",18711,2012,3,25,10.2,2.5,7.8,15.5
"1018",18712,2012,3,26,13.2,0.9,4.8,17.1
"1019",18713,2012,3,27,18.7,2.5,0,15.5
"1020",18714,2012,3,28,17.6,5.2,0.399999999999999,12.8
"1021",18715,2012,3,29,19.9,2.9,0,15.1
"1022",18716,2012,3,30,17.2,11.2,0.800000000000001,6.8
"1023",18717,2012,3,31,14,6.1,4,11.9
"1024",19052,2013,3,1,14.1,0.1,3.9,17.9
"1025",19053,2013,3,2,8.6,-2.5,9.4,20.5
"1026",19054,2013,3,3,11.1,-2.2,6.9,20.2
"1027",19055,2013,3,4,12.9,0.4,5.1,17.6
"1028",19056,2013,3,5,17.9,0,0.100000000000001,18
"1029",19057,2013,3,6,19.9,1,0,17
"1030",19058,2013,3,7,17.8,8.5,0.199999999999999,9.5
"1031",19059,2013,3,8,21.5,4.7,0,13.3
"1032",19060,2013,3,9,24.6,6,0,12
"1033",19061,2013,3,10,19.2,5.3,0,12.7
"1034",19062,2013,3,11,12.4,1.9,5.6,16.1
"1035",19063,2013,3,12,19.9,1.3,0,16.7
"1036",19064,2013,3,13,17,3.9,1,14.1
"1037",19065,2013,3,14,7,1.5,11,16.5
"1038",19066,2013,3,15,15.9,-0.7,2.1,18.7
"1039",19067,2013,3,16,20.6,4.8,0,13.2
"1040",19068,2013,3,17,20.6,3.2,0,14.8
"1041",19069,2013,3,18,18.4,9,0,9
"1042",19070,2013,3,19,17.6,7.6,0.399999999999999,10.4
"1043",19071,2013,3,20,13.6,1.8,4.4,16.2
"1044",19072,2013,3,21,12.1,-2.1,5.9,20.1
"1045",19073,2013,3,22,15.9,1.3,2.1,16.7
"1046",19074,2013,3,23,14.3,3.9,3.7,14.1
"1047",19075,2013,3,24,17.8,5.2,0.199999999999999,12.8
"1048",19076,2013,3,25,13.6,3.4,4.4,14.6
"1049",19077,2013,3,26,14.2,0.7,3.8,17.3
"1050",19078,2013,3,27,17.5,4.1,0.5,13.9
"1051",19079,2013,3,28,21.2,6.5,0,11.5
"1052",19080,2013,3,29,13.2,5.7,4.8,12.3
"1053",19081,2013,3,30,15,3.6,3,14.4
"1054",19082,2013,3,31,13.4,5.4,4.6,12.6
"1055",19417,2014,3,1,12,7.3,6,10.7
"1056",19418,2014,3,2,11.2,4,6.8,14
"1057",19419,2014,3,3,10.3,1.9,7.7,16.1
"1058",19420,2014,3,4,12.3,0.3,5.7,17.7
"1059",19421,2014,3,5,11.4,2.2,6.6,15.8
"1060",19422,2014,3,6,8.5,-0.2,9.5,18.2
"1061",19423,2014,3,7,7.9,-1.1,10.1,19.1
"1062",19424,2014,3,8,10.6,1.1,7.4,16.9
"1063",19425,2014,3,9,10.6,1.5,7.4,16.5
"1064",19426,2014,3,10,11.5,-1,6.5,19
"1065",19427,2014,3,11,16.7,-1.1,1.3,19.1
"1066",19428,2014,3,12,13.2,5.8,4.8,12.2
"1067",19429,2014,3,13,10,1.9,8,16.1
"1068",19430,2014,3,14,9,0.1,9,17.9
"1069",19431,2014,3,15,15.4,-0.8,2.6,18.8
"1070",19432,2014,3,16,21.3,8.4,0,9.6
"1071",19433,2014,3,17,20.7,4.9,0,13.1
"1072",19434,2014,3,18,24,9.1,0,8.9
"1073",19435,2014,3,19,11,8.1,7,9.9
"1074",19436,2014,3,20,12.8,3.6,5.2,14.4
"1075",19437,2014,3,21,10.9,1.7,7.1,16.3
"1076",19438,2014,3,22,18,0.3,0,17.7
"1077",19439,2014,3,23,20.4,4.3,0,13.7
"1078",19440,2014,3,24,20.8,5.5,0,12.5
"1079",19441,2014,3,25,19.6,13.7,0,4.3
"1080",19442,2014,3,26,18.7,12.4,0,5.6
"1081",19443,2014,3,27,19.7,10.1,0,7.9
"1082",19444,2014,3,28,24.8,8.5,0,9.5
"1083",19445,2014,3,29,18.6,13.1,0,4.9
"1084",19446,2014,3,30,17.9,8.5,0.100000000000001,9.5
"1085",19447,2014,3,31,19.3,5.8,0,12.2
"1086",19782,2015,3,1,8.6,1.8,9.4,16.2
"1087",19783,2015,3,2,11,0.6,7,17.4
"1088",19784,2015,3,3,6,2.1,12,15.9
"1089",19785,2015,3,4,7.5,-0.4,10.5,18.4
"1090",19786,2015,3,5,9,-2.5,9,20.5
"1091",19787,2015,3,6,9.1,1.6,8.9,16.4
"1092",19788,2015,3,7,13,0.4,5,17.6
"1093",19789,2015,3,8,12.3,0.5,5.7,17.5
"1094",19790,2015,3,9,15.7,-0.1,2.3,18.1
"1095",19791,2015,3,10,4.7,-4.3,13.3,22.3
"1096",19792,2015,3,11,10.4,-1.2,7.6,19.2
"1097",19793,2015,3,12,12.2,-0.3,5.8,18.3
"1098",19794,2015,3,13,13.6,3.4,4.4,14.6
"1099",19795,2015,3,14,12.8,3.7,5.2,14.3
"1100",19796,2015,3,15,17.5,2.4,0.5,15.6
"1101",19797,2015,3,16,19.2,5,0,13
"1102",19798,2015,3,17,21.1,5.3,0,12.7
"1103",19799,2015,3,18,13.2,8.7,4.8,9.3
"1104",19800,2015,3,19,16.5,8.7,1.5,9.3
"1105",19801,2015,3,20,18.1,8.9,0,9.1
"1106",19802,2015,3,21,21.5,8.6,0,9.4
"1107",19803,2015,3,22,19.3,7.4,0,10.6
"1108",19804,2015,3,23,13.9,3.5,4.1,14.5
"1109",19805,2015,3,24,12.9,2.5,5.1,15.5
"1110",19806,2015,3,25,14.3,1.5,3.7,16.5
"1111",19807,2015,3,26,18.2,2.8,0,15.2
"1112",19808,2015,3,27,21.3,4.8,0,13.2
"1113",19809,2015,3,28,22.3,5.8,0,12.2
"1114",19810,2015,3,29,21.2,10,0,8
"1115",19811,2015,3,30,21.1,7.6,0,10.4
"1116",19812,2015,3,31,18.6,11,0,7
"1117",20148,2016,3,1,8.1,-4,9.9,22
"1118",20149,2016,3,2,14.6,-0.7,3.4,18.7
"1119",20150,2016,3,3,19,2.2,0,15.8
"1120",20151,2016,3,4,10.7,7.3,7.3,10.7
"1121",20152,2016,3,5,17.9,8.7,0.100000000000001,9.3
"1122",20153,2016,3,6,18.6,9.1,0,8.9
"1123",20154,2016,3,7,16.6,6.1,1.4,11.9
"1124",20155,2016,3,8,11.2,7.3,6.8,10.7
"1125",20156,2016,3,9,10.6,3.3,7.4,14.7
"1126",20157,2016,3,10,9.8,2,8.2,16
"1127",20158,2016,3,11,8.3,-1,9.7,19
"1128",20159,2016,3,12,10.6,-0.8,7.4,18.8
"1129",20160,2016,3,13,10.5,3.2,7.5,14.8
"1130",20161,2016,3,14,11.3,2.6,6.7,15.4
"1131",20162,2016,3,15,13,-0.1,5,18.1
"1132",20163,2016,3,16,20,5.5,0,12.5
"1133",20164,2016,3,17,19.6,4.4,0,13.6
"1134",20165,2016,3,18,14,10.9,4,7.1
"1135",20166,2016,3,19,16,8.4,2,9.6
"1136",20167,2016,3,20,11.7,7.7,6.3,10.3
"1137",20168,2016,3,21,13.9,6.3,4.1,11.7
"1138",20169,2016,3,22,20.9,4.3,0,13.7
"1139",20170,2016,3,23,12.8,7.4,5.2,10.6
"1140",20171,2016,3,24,10.4,4.2,7.6,13.8
"1141",20172,2016,3,25,10.4,5.1,7.6,12.9
"1142",20173,2016,3,26,11.4,3.7,6.6,14.3
"1143",20174,2016,3,27,15.7,2.1,2.3,15.9
"1144",20175,2016,3,28,19,5.7,0,12.3
"1145",20176,2016,3,29,18.5,6.8,0,11.2
"1146",20177,2016,3,30,21.6,11.3,0,6.7
"1147",20178,2016,3,31,20.9,8.2,0,9.8
"1148",20513,2017,3,1,14.6,3.1,3.4,14.9
"1149",20514,2017,3,2,8.2,3.5,9.8,14.5
"1150",20515,2017,3,3,11.8,-0.9,6.2,18.9
"1151",20516,2017,3,4,14.5,2.3,3.5,15.7
"1152",20517,2017,3,5,15.3,3,2.7,15
"1153",20518,2017,3,6,9.1,1.1,8.9,16.9
"1154",20519,2017,3,7,7.1,-1.5,10.9,19.5
"1155",20520,2017,3,8,7.6,-2.5,10.4,20.5
"1156",20521,2017,3,9,12.5,0.4,5.5,17.6
"1157",20522,2017,3,10,12.8,3.2,5.2,14.8
"1158",20523,2017,3,11,14.5,3.3,3.5,14.7
"1159",20524,2017,3,12,17,2,1,16
"1160",20525,2017,3,13,13.2,8,4.8,10
"1161",20526,2017,3,14,12.1,3.2,5.9,14.8
"1162",20527,2017,3,15,11.5,1.4,6.5,16.6
"1163",20528,2017,3,16,11.9,1.6,6.1,16.4
"1164",20529,2017,3,17,14.6,4.7,3.4,13.3
"1165",20530,2017,3,18,16.9,4.9,1.1,13.1
"1166",20531,2017,3,19,15.9,5.4,2.1,12.6
"1167",20532,2017,3,20,13.3,4.1,4.7,13.9
"1168",20533,2017,3,21,15.2,4.1,2.8,13.9
"1169",20534,2017,3,22,14,1.4,4,16.6
"1170",20535,2017,3,23,14.7,7.9,3.3,10.1
"1171",20536,2017,3,24,11.2,7.8,6.8,10.2
"1172",20537,2017,3,25,11.3,5.9,6.7,12.1
"1173",20538,2017,3,26,10.4,4.3,7.6,13.7
"1174",20539,2017,3,27,11.5,3.1,6.5,14.9
"1175",20540,2017,3,28,14.6,2.8,3.4,15.2
"1176",20541,2017,3,29,12.9,5.7,5.1,12.3
"1177",20542,2017,3,30,18.2,6.5,0,11.5
"1178",20543,2017,3,31,11.4,7,6.6,11
"1179",20878,2018,3,1,11.2,1.3,6.8,16.7
"1180",20879,2018,3,2,9.5,-2.2,8.5,20.2
"1181",20880,2018,3,3,16,1.8,2,16.2
"1182",20881,2018,3,4,18.7,6.2,0,11.8
"1183",20882,2018,3,5,12.9,3.1,5.1,14.9
"1184",20883,2018,3,6,8.2,3.1,9.8,14.9
"1185",20884,2018,3,7,7.4,4.7,10.6,13.3
"1186",20885,2018,3,8,4.7,2.5,13.3,15.5
"1187",20886,2018,3,9,6,1,12,17
"1188",20887,2018,3,10,13.6,-0.2,4.4,18.2
"1189",20888,2018,3,11,14.4,3,3.6,15
"1190",20889,2018,3,12,19,2.9,0,15.1
"1191",20890,2018,3,13,21.1,5.5,0,12.5
"1192",20891,2018,3,14,23.1,9.2,0,8.8
"1193",20892,2018,3,15,16.9,7.2,1.1,10.8
"1194",20893,2018,3,16,7.1,2.2,10.9,15.8
"1195",20894,2018,3,17,10.5,1.6,7.5,16.4
"1196",20895,2018,3,18,17.6,2.3,0.399999999999999,15.7
"1197",20896,2018,3,19,12.1,4.8,5.9,13.2
"1198",20897,2018,3,20,6.6,4.2,11.4,13.8
"1199",20898,2018,3,21,4.2,1.1,13.8,16.9
"1200",20899,2018,3,22,12.1,1.3,5.9,16.7
"1201",20900,2018,3,23,14.5,1.4,3.5,16.6
"1202",20901,2018,3,24,18.1,5.1,0,12.9
"1203",20902,2018,3,25,22.3,8.3,0,9.7
"1204",20903,2018,3,26,21.4,10.7,0,7.3
"1205",20904,2018,3,27,23.6,10.2,0,7.8
"1206",20905,2018,3,28,24.6,10.3,0,7.7
"1207",20906,2018,3,29,20.3,10.1,0,7.9
"1208",20907,2018,3,30,14.9,8.1,3.1,9.9
"1209",20908,2018,3,31,19.2,6.3,0,11.7
"1210",21243,2019,3,1,14.8,4.3,3.2,13.7
"1211",21244,2019,3,2,13.5,3.1,4.5,14.9
"1212",21245,2019,3,3,13.8,7,4.2,11
"1213",21246,2019,3,4,14.7,6.3,3.3,11.7
"1214",21247,2019,3,5,16.5,2.9,1.5,15.1
"1215",21248,2019,3,6,14.1,7.1,3.9,10.9
"1216",21249,2019,3,7,11.7,4.9,6.3,13.1
"1217",21250,2019,3,8,14.7,2.1,3.3,15.9
"1218",21251,2019,3,9,17.8,3,0.199999999999999,15
"1219",21252,2019,3,10,11.4,6.8,6.6,11.2
"1220",21253,2019,3,11,16.6,3.9,1.4,14.1
"1221",21254,2019,3,12,15.7,3.1,2.3,14.9
"1222",21255,2019,3,13,10,-0.5,8,18.5
"1223",21256,2019,3,14,13,0.4,5,17.6
"1224",21257,2019,3,15,14.1,1.8,3.9,16.2
"1225",21258,2019,3,16,13.4,2.8,4.6,15.2
"1226",21259,2019,3,17,14.2,4.3,3.8,13.7
"1227",21260,2019,3,18,16.6,2.8,1.4,15.2
"1228",21261,2019,3,19,21.3,8.1,0,9.9
"1229",21262,2019,3,20,18.7,8.6,0,9.4
"1230",21263,2019,3,21,22.2,8.7,0,9.3
"1231",21264,2019,3,22,13.3,4.4,4.7,13.6
"1232",21265,2019,3,23,12.8,3.3,5.2,14.7
"1233",21266,2019,3,24,12.6,0.2,5.4,17.8
"1234",21267,2019,3,25,16.7,3,1.3,15
"1235",21268,2019,3,26,20.1,6.6,0,11.4
"1236",21269,2019,3,27,22.5,8.7,0,9.3
"1237",21270,2019,3,28,14.9,10.4,3.1,7.6
"1238",21271,2019,3,29,18,8,0,10
"1239",21272,2019,3,30,17,6.1,1,11.9
"1240",21273,2019,3,31,12,4.2,6,13.8
"1241",21609,2020,3,1,12.5,5.2,5.5,12.8
"1242",21610,2020,3,2,12.4,5,5.6,13
"1243",21611,2020,3,3,11.7,3,6.3,15
"1244",21612,2020,3,4,12.6,1.1,5.4,16.9
"1245",21613,2020,3,5,10.4,-1.5,7.6,19.5
"1246",21614,2020,3,6,14.3,-0.4,3.7,18.4
"1247",21615,2020,3,7,12.5,2.8,5.5,15.2
"1248",21616,2020,3,8,14.7,4.2,3.3,13.8
"1249",21617,2020,3,9,13.8,3.8,4.2,14.2
"1250",21618,2020,3,10,11.1,7.7,6.9,10.3
"1251",21619,2020,3,11,11.4,2.9,6.6,15.1
"1252",21620,2020,3,12,16.5,2.2,1.5,15.8
"1253",21621,2020,3,13,17.1,4.4,0.899999999999999,13.6
"1254",21622,2020,3,14,11,2.9,7,15.1
"1255",21623,2020,3,15,12.2,2.9,5.8,15.1
"1256",21624,2020,3,16,11.8,0.1,6.2,17.9
"1257",21625,2020,3,17,18.7,2.6,0,15.4
"1258",21626,2020,3,18,17.3,5.1,0.699999999999999,12.9
"1259",21627,2020,3,19,20.7,6.8,0,11.2
"1260",21628,2020,3,20,17.8,6.6,0.199999999999999,11.4
"1261",21629,2020,3,21,23.6,7.1,0,10.9
"1262",21630,2020,3,22,16.7,9.4,1.3,8.6
"1263",21631,2020,3,23,19.3,5.7,0,12.3
"1264",21632,2020,3,24,14.8,5.4,3.2,12.6
"1265",21633,2020,3,25,17.2,5,0.800000000000001,13
"1266",21634,2020,3,26,15.4,8.6,2.6,9.4
"1267",21635,2020,3,27,17,8.8,1,9.2
"1268",21636,2020,3,28,10.4,7.2,7.6,10.8
"1269",21637,2020,3,29,13,5.4,5,12.6
"1270",21638,2020,3,30,15.9,6.3,2.1,11.7
"1271",21639,2020,3,31,16.9,5.1,1.1,12.9
